State,District,Year,Quarter,RegisteredUsers,S.no,Appopens
andaman-&-nicobar-islands,"north and middle andaman district",2018,1,632,1,0
andaman-&-nicobar-islands,"south andaman district",2018,1,5846,2,0
andaman-&-nicobar-islands,"nicobars district",2018,1,262,3,0
andaman-&-nicobar-islands,"north and middle andaman district",2018,2,911,4,0
andaman-&-nicobar-islands,"south andaman district",2018,2,8143,5,0
andaman-&-nicobar-islands,"nicobars district",2018,2,351,6,0
andaman-&-nicobar-islands,"north and middle andaman district",2018,3,1208,7,0
andaman-&-nicobar-islands,"south andaman district",2018,3,10474,8,0
andaman-&-nicobar-islands,"nicobars district",2018,3,467,9,0
andaman-&-nicobar-islands,"north and middle andaman district",2018,4,1553,10,0
andaman-&-nicobar-islands,"south andaman district",2018,4,13133,11,0
andaman-&-nicobar-islands,"nicobars district",2018,4,536,12,0
andaman-&-nicobar-islands,"north and middle andaman district",2019,1,2013,13,0
andaman-&-nicobar-islands,"south andaman district",2019,1,15961,14,0
andaman-&-nicobar-islands,"nicobars district",2019,1,622,15,0
andaman-&-nicobar-islands,"north and middle andaman district",2019,2,2417,16,6118
andaman-&-nicobar-islands,"south andaman district",2019,2,18621,17,43569
andaman-&-nicobar-islands,"nicobars district",2019,2,693,18,2953
andaman-&-nicobar-islands,"north and middle andaman district",2019,3,2662,19,22064
andaman-&-nicobar-islands,"south andaman district",2019,3,20518,20,138190
andaman-&-nicobar-islands,"nicobars district",2019,3,751,21,10853
andaman-&-nicobar-islands,"north and middle andaman district",2019,4,2955,22,26253
andaman-&-nicobar-islands,"south andaman district",2019,4,22202,23,139646
andaman-&-nicobar-islands,"nicobars district",2019,4,803,24,11113
andaman-&-nicobar-islands,"north and middle andaman district",2020,1,3315,25,30444
andaman-&-nicobar-islands,"south andaman district",2020,1,24174,26,151529
andaman-&-nicobar-islands,"nicobars district",2020,1,879,27,11613
andaman-&-nicobar-islands,"north and middle andaman district",2020,2,4100,28,56992
andaman-&-nicobar-islands,"south andaman district",2020,2,27626,29,231071
andaman-&-nicobar-islands,"nicobars district",2020,2,984,30,17009
andaman-&-nicobar-islands,"north and middle andaman district",2020,3,5355,31,76553
andaman-&-nicobar-islands,"south andaman district",2020,3,34833,32,417785
andaman-&-nicobar-islands,"nicobars district",2020,3,1147,33,21227
andaman-&-nicobar-islands,"north and middle andaman district",2020,4,7076,34,125915
andaman-&-nicobar-islands,"south andaman district",2020,4,43908,35,725321
andaman-&-nicobar-islands,"nicobars district",2020,4,1412,36,35972
andaman-&-nicobar-islands,"north and middle andaman district",2021,1,7833,37,121680
andaman-&-nicobar-islands,"south andaman district",2021,1,48352,38,837589
andaman-&-nicobar-islands,"nicobars district",2021,1,1573,39,45067
andaman-&-nicobar-islands,"north and middle andaman district",2021,2,8493,40,596182
andaman-&-nicobar-islands,"south andaman district",2021,2,51903,41,1270226
andaman-&-nicobar-islands,"nicobars district",2021,2,1699,42,381815
andaman-&-nicobar-islands,"north and middle andaman district",2021,3,9263,43,759314
andaman-&-nicobar-islands,"south andaman district",2021,3,55873,44,1771107
andaman-&-nicobar-islands,"nicobars district",2021,3,1846,45,591204
andaman-&-nicobar-islands,"north and middle andaman district",2021,4,10002,46,171921
andaman-&-nicobar-islands,"south andaman district",2021,4,59807,47,1863037
andaman-&-nicobar-islands,"nicobars district",2021,4,1971,48,77952
andaman-&-nicobar-islands,"north and middle andaman district",2022,1,10720,49,904869
andaman-&-nicobar-islands,"south andaman district",2022,1,63487,50,2368756
andaman-&-nicobar-islands,"nicobars district",2022,1,2081,51,573782
andaman-&-nicobar-islands,"north and middle andaman district",2022,2,11379,52,963824
andaman-&-nicobar-islands,"south andaman district",2022,2,66959,53,3404740
andaman-&-nicobar-islands,"nicobars district",2022,2,2192,54,811449
andaman-&-nicobar-islands,"north and middle andaman district",2022,3,11897,55,1176567
andaman-&-nicobar-islands,"south andaman district",2022,3,70445,56,3607286
andaman-&-nicobar-islands,"nicobars district",2022,3,2300,57,1284501
andaman-&-nicobar-islands,"north and middle andaman district",2022,4,12361,58,313502
andaman-&-nicobar-islands,"south andaman district",2022,4,73692,59,3881359
andaman-&-nicobar-islands,"nicobars district",2022,4,2389,60,159232
andhra-pradesh,"east godavari district",2018,1,350356,61,0
andhra-pradesh,"srikakulam district",2018,1,143839,62,0
andhra-pradesh,"visakhapatnam district",2018,1,497187,63,0
andhra-pradesh,"prakasam district",2018,1,189949,64,0
andhra-pradesh,"anantapur district",2018,1,241192,65,0
andhra-pradesh,"kurnool district",2018,1,240133,66,0
andhra-pradesh,"guntur district",2018,1,317065,67,0
andhra-pradesh,"krishna district",2018,1,323673,68,0
andhra-pradesh,"spsr nellore district",2018,1,194475,69,0
andhra-pradesh,"vizianagaram district",2018,1,128905,70,0
andhra-pradesh,"ysr district",2018,1,186800,71,0
andhra-pradesh,"west godavari district",2018,1,213335,72,0
andhra-pradesh,"chittoor district",2018,1,309541,73,0
andhra-pradesh,"east godavari district",2018,2,454398,74,0
andhra-pradesh,"srikakulam district",2018,2,186913,75,0
andhra-pradesh,"visakhapatnam district",2018,2,636052,76,0
andhra-pradesh,"prakasam district",2018,2,253458,77,0
andhra-pradesh,"anantapur district",2018,2,326383,78,0
andhra-pradesh,"kurnool district",2018,2,319313,79,0
andhra-pradesh,"guntur district",2018,2,420326,80,0
andhra-pradesh,"krishna district",2018,2,431965,81,0
andhra-pradesh,"spsr nellore district",2018,2,261049,82,0
andhra-pradesh,"vizianagaram district",2018,2,167327,83,0
andhra-pradesh,"ysr district",2018,2,248657,84,0
andhra-pradesh,"west godavari district",2018,2,282393,85,0
andhra-pradesh,"chittoor district",2018,2,414306,86,0
andhra-pradesh,"east godavari district",2018,3,558982,87,0
andhra-pradesh,"srikakulam district",2018,3,228456,88,0
andhra-pradesh,"visakhapatnam district",2018,3,769096,89,0
andhra-pradesh,"prakasam district",2018,3,314899,90,0
andhra-pradesh,"anantapur district",2018,3,405855,91,0
andhra-pradesh,"kurnool district",2018,3,394311,92,0
andhra-pradesh,"guntur district",2018,3,518931,93,0
andhra-pradesh,"krishna district",2018,3,537086,94,0
andhra-pradesh,"spsr nellore district",2018,3,322446,95,0
andhra-pradesh,"vizianagaram district",2018,3,203655,96,0
andhra-pradesh,"ysr district",2018,3,308391,97,0
andhra-pradesh,"west godavari district",2018,3,349782,98,0
andhra-pradesh,"chittoor district",2018,3,515727,99,0
andhra-pradesh,"east godavari district",2018,4,694455,100,0
andhra-pradesh,"srikakulam district",2018,4,284874,101,0
andhra-pradesh,"visakhapatnam district",2018,4,978288,102,0
andhra-pradesh,"prakasam district",2018,4,394962,103,0
andhra-pradesh,"anantapur district",2018,4,510892,104,0
andhra-pradesh,"kurnool district",2018,4,498582,105,0
andhra-pradesh,"guntur district",2018,4,659552,106,0
andhra-pradesh,"krishna district",2018,4,682479,107,0
andhra-pradesh,"spsr nellore district",2018,4,407495,108,0
andhra-pradesh,"vizianagaram district",2018,4,257824,109,0
andhra-pradesh,"ysr district",2018,4,387058,110,0
andhra-pradesh,"west godavari district",2018,4,435668,111,0
andhra-pradesh,"chittoor district",2018,4,665280,112,0
andhra-pradesh,"east godavari district",2019,1,839277,113,0
andhra-pradesh,"srikakulam district",2019,1,345775,114,0
andhra-pradesh,"visakhapatnam district",2019,1,1174517,115,0
andhra-pradesh,"prakasam district",2019,1,474260,116,0
andhra-pradesh,"anantapur district",2019,1,612162,117,0
andhra-pradesh,"kurnool district",2019,1,599422,118,0
andhra-pradesh,"guntur district",2019,1,802394,119,0
andhra-pradesh,"krishna district",2019,1,833694,120,0
andhra-pradesh,"spsr nellore district",2019,1,491908,121,0
andhra-pradesh,"vizianagaram district",2019,1,313334,122,0
andhra-pradesh,"ysr district",2019,1,460590,123,0
andhra-pradesh,"west godavari district",2019,1,523372,124,0
andhra-pradesh,"chittoor district",2019,1,812314,125,0
andhra-pradesh,"east godavari district",2019,2,945181,126,7156762
andhra-pradesh,"srikakulam district",2019,2,392764,127,3230330
andhra-pradesh,"visakhapatnam district",2019,2,1318740,128,13681907
andhra-pradesh,"prakasam district",2019,2,539462,129,4488365
andhra-pradesh,"anantapur district",2019,2,695114,130,6056591
andhra-pradesh,"kurnool district",2019,2,680118,131,6240480
andhra-pradesh,"guntur district",2019,2,915256,132,7268875
andhra-pradesh,"krishna district",2019,2,952300,133,7822632
andhra-pradesh,"spsr nellore district",2019,2,558303,134,4774473
andhra-pradesh,"vizianagaram district",2019,2,355058,135,3541678
andhra-pradesh,"ysr district",2019,2,519031,136,4345848
andhra-pradesh,"west godavari district",2019,2,592185,137,3853094
andhra-pradesh,"chittoor district",2019,2,925491,138,8914216
andhra-pradesh,"east godavari district",2019,3,1057167,139,28275322
andhra-pradesh,"srikakulam district",2019,3,437939,140,11813195
andhra-pradesh,"visakhapatnam district",2019,3,1460464,141,54836001
andhra-pradesh,"prakasam district",2019,3,598568,142,16267041
andhra-pradesh,"anantapur district",2019,3,773656,143,22845084
andhra-pradesh,"kurnool district",2019,3,755024,144,22827473
andhra-pradesh,"guntur district",2019,3,1026418,145,28477132
andhra-pradesh,"krishna district",2019,3,1066546,146,30077671
andhra-pradesh,"spsr nellore district",2019,3,619592,147,17768733
andhra-pradesh,"vizianagaram district",2019,3,394375,148,13065845
andhra-pradesh,"ysr district",2019,3,574109,149,15833900
andhra-pradesh,"west godavari district",2019,3,662102,150,14227407
andhra-pradesh,"chittoor district",2019,3,1032733,151,34638738
andhra-pradesh,"east godavari district",2019,4,1195228,152,38299189
andhra-pradesh,"srikakulam district",2019,4,496266,153,16353822
andhra-pradesh,"visakhapatnam district",2019,4,1620235,154,70749983
andhra-pradesh,"prakasam district",2019,4,673522,155,21639748
andhra-pradesh,"anantapur district",2019,4,873033,156,30278539
andhra-pradesh,"kurnool district",2019,4,846885,157,29676997
andhra-pradesh,"guntur district",2019,4,1158708,158,37846179
andhra-pradesh,"krishna district",2019,4,1199971,159,39407473
andhra-pradesh,"spsr nellore district",2019,4,697154,160,23608360
andhra-pradesh,"vizianagaram district",2019,4,443810,161,17515311
andhra-pradesh,"ysr district",2019,4,646642,162,21543798
andhra-pradesh,"west godavari district",2019,4,750078,163,19393528
andhra-pradesh,"chittoor district",2019,4,1156351,164,44888591
andhra-pradesh,"east godavari district",2020,1,1329664,165,46142746
andhra-pradesh,"srikakulam district",2020,1,552007,166,20975989
andhra-pradesh,"visakhapatnam district",2020,1,1763581,167,77558624
andhra-pradesh,"prakasam district",2020,1,748655,168,26870693
andhra-pradesh,"anantapur district",2020,1,971850,169,36900103
andhra-pradesh,"kurnool district",2020,1,936293,170,34198350
andhra-pradesh,"guntur district",2020,1,1289678,171,45282758
andhra-pradesh,"krishna district",2020,1,1331602,172,46079408
andhra-pradesh,"spsr nellore district",2020,1,775440,173,28879364
andhra-pradesh,"vizianagaram district",2020,1,490683,174,21562104
andhra-pradesh,"ysr district",2020,1,717865,175,26166193
andhra-pradesh,"west godavari district",2020,1,843835,176,24542868
andhra-pradesh,"chittoor district",2020,1,1270907,177,51354573
andhra-pradesh,"east godavari district",2020,2,1459116,178,45884498
andhra-pradesh,"srikakulam district",2020,2,608002,179,23808009
andhra-pradesh,"visakhapatnam district",2020,2,1904719,180,69684456
andhra-pradesh,"prakasam district",2020,2,830709,181,32255276
andhra-pradesh,"anantapur district",2020,2,1076953,182,39704703
andhra-pradesh,"kurnool district",2020,2,1035093,183,36268390
andhra-pradesh,"guntur district",2020,2,1426271,184,44267596
andhra-pradesh,"krishna district",2020,2,1459041,185,41234166
andhra-pradesh,"spsr nellore district",2020,2,854459,186,30816403
andhra-pradesh,"vizianagaram district",2020,2,537798,187,24370380
andhra-pradesh,"ysr district",2020,2,796769,188,29644037
andhra-pradesh,"west godavari district",2020,2,944829,189,26583613
andhra-pradesh,"chittoor district",2020,2,1385916,190,49820171
andhra-pradesh,"east godavari district",2020,3,1601940,191,64292857
andhra-pradesh,"srikakulam district",2020,3,667858,192,31794753
andhra-pradesh,"visakhapatnam district",2020,3,2058346,193,102589371
andhra-pradesh,"prakasam district",2020,3,915240,194,44970519
andhra-pradesh,"anantapur district",2020,3,1186851,195,55714787
andhra-pradesh,"kurnool district",2020,3,1132240,196,49164718
andhra-pradesh,"guntur district",2020,3,1567595,197,62427501
andhra-pradesh,"krishna district",2020,3,1599289,198,61028114
andhra-pradesh,"spsr nellore district",2020,3,937176,199,43951448
andhra-pradesh,"vizianagaram district",2020,3,587784,200,31199437
andhra-pradesh,"ysr district",2020,3,877909,201,41578067
andhra-pradesh,"west godavari district",2020,3,1053674,202,38126238
andhra-pradesh,"chittoor district",2020,3,1506503,203,69462572
andhra-pradesh,"east godavari district",2020,4,1746280,204,82605352
andhra-pradesh,"srikakulam district",2020,4,726761,205,36770992
andhra-pradesh,"visakhapatnam district",2020,4,2209658,206,124730170
andhra-pradesh,"prakasam district",2020,4,999462,207,52839846
andhra-pradesh,"anantapur district",2020,4,1295872,208,69562398
andhra-pradesh,"kurnool district",2020,4,1230466,209,60615045
andhra-pradesh,"guntur district",2020,4,1712940,210,81291172
andhra-pradesh,"krishna district",2020,4,1744028,211,81787771
andhra-pradesh,"spsr nellore district",2020,4,1022944,212,54765443
andhra-pradesh,"vizianagaram district",2020,4,634462,213,35110885
andhra-pradesh,"ysr district",2020,4,959182,214,49596303
andhra-pradesh,"west godavari district",2020,4,1163179,215,51170162
andhra-pradesh,"chittoor district",2020,4,1631331,216,88232999
andhra-pradesh,"east godavari district",2021,1,1878769,217,91478749
andhra-pradesh,"srikakulam district",2021,1,782604,218,40590058
andhra-pradesh,"visakhapatnam district",2021,1,2368081,219,135908324
andhra-pradesh,"prakasam district",2021,1,1075936,220,56911479
andhra-pradesh,"anantapur district",2021,1,1394849,221,73375049
andhra-pradesh,"kurnool district",2021,1,1323411,222,65326230
andhra-pradesh,"guntur district",2021,1,1843237,223,92731167
andhra-pradesh,"krishna district",2021,1,1876458,224,92941553
andhra-pradesh,"spsr nellore district",2021,1,1100541,225,60691988
andhra-pradesh,"vizianagaram district",2021,1,681621,226,37752539
andhra-pradesh,"ysr district",2021,1,1032689,227,53525815
andhra-pradesh,"west godavari district",2021,1,1254117,228,57392671
andhra-pradesh,"chittoor district",2021,1,1751420,229,99083825
andhra-pradesh,"east godavari district",2021,2,2006272,230,84705076
andhra-pradesh,"srikakulam district",2021,2,837958,231,43740255
andhra-pradesh,"visakhapatnam district",2021,2,2526830,232,114313154
andhra-pradesh,"prakasam district",2021,2,1151232,233,76850749
andhra-pradesh,"anantapur district",2021,2,1492738,234,104568606
andhra-pradesh,"kurnool district",2021,2,1415585,235,81894678
andhra-pradesh,"guntur district",2021,2,1968681,236,88248064
andhra-pradesh,"krishna district",2021,2,2002662,237,85771678
andhra-pradesh,"spsr nellore district",2021,2,1176334,238,74049216
andhra-pradesh,"vizianagaram district",2021,2,729509,239,42684475
andhra-pradesh,"ysr district",2021,2,1103004,240,72255265
andhra-pradesh,"west godavari district",2021,2,1339377,241,65118788
andhra-pradesh,"chittoor district",2021,2,1870723,242,110505432
andhra-pradesh,"east godavari district",2021,3,2150622,243,103626560
andhra-pradesh,"srikakulam district",2021,3,902008,244,48622126
andhra-pradesh,"visakhapatnam district",2021,3,2707931,245,139540800
andhra-pradesh,"prakasam district",2021,3,1239147,246,91533813
andhra-pradesh,"anantapur district",2021,3,1606735,247,124985545
andhra-pradesh,"kurnool district",2021,3,1522196,248,101210508
andhra-pradesh,"guntur district",2021,3,2110878,249,106621413
andhra-pradesh,"krishna district",2021,3,2145423,250,104358295
andhra-pradesh,"spsr nellore district",2021,3,1263550,251,90102349
andhra-pradesh,"vizianagaram district",2021,3,784444,252,46277311
andhra-pradesh,"ysr district",2021,3,1183377,253,86369956
andhra-pradesh,"west godavari district",2021,3,1436576,254,80244808
andhra-pradesh,"chittoor district",2021,3,2007011,255,135043395
andhra-pradesh,"east godavari district",2021,4,2294347,256,142536856
andhra-pradesh,"srikakulam district",2021,4,965335,257,61654215
andhra-pradesh,"visakhapatnam district",2021,4,2888774,258,188757640
andhra-pradesh,"prakasam district",2021,4,1325728,259,86410317
andhra-pradesh,"anantapur district",2021,4,1719437,260,120768682
andhra-pradesh,"kurnool district",2021,4,1628242,261,97379271
andhra-pradesh,"guntur district",2021,4,2252443,262,130920743
andhra-pradesh,"krishna district",2021,4,2288148,263,134436469
andhra-pradesh,"spsr nellore district",2021,4,1349290,264,90814672
andhra-pradesh,"vizianagaram district",2021,4,839606,265,56101822
andhra-pradesh,"ysr district",2021,4,1262963,266,83534122
andhra-pradesh,"west godavari district",2021,4,1532898,267,100007280
andhra-pradesh,"chittoor district",2021,4,2141818,268,154395512
andhra-pradesh,"east godavari district",2022,1,2432305,269,87134562
andhra-pradesh,"srikakulam district",2022,1,1027283,270,46691467
andhra-pradesh,"visakhapatnam district",2022,1,3061324,271,88803090
andhra-pradesh,"prakasam district",2022,1,1408929,272,104851997
andhra-pradesh,"anantapur district",2022,1,1827094,273,155792533
andhra-pradesh,"kurnool district",2022,1,1729513,274,119653214
andhra-pradesh,"guntur district",2022,1,2387051,275,88844052
andhra-pradesh,"krishna district",2022,1,2423373,276,85871644
andhra-pradesh,"spsr nellore district",2022,1,1431664,277,101671767
andhra-pradesh,"vizianagaram district",2022,1,892889,278,44804002
andhra-pradesh,"ysr district",2022,1,1339782,279,98878499
andhra-pradesh,"west godavari district",2022,1,1626039,280,87642475
andhra-pradesh,"chittoor district",2022,1,2270705,281,144146671
andhra-pradesh,"east godavari district",2022,2,2564165,282,93383888
andhra-pradesh,"srikakulam district",2022,2,1086164,283,51087942
andhra-pradesh,"visakhapatnam district",2022,2,3226029,284,93552701
andhra-pradesh,"prakasam district",2022,2,1487589,285,108172758
andhra-pradesh,"anantapur district",2022,2,1928213,286,181499094
andhra-pradesh,"kurnool district",2022,2,1825280,287,136447455
andhra-pradesh,"guntur district",2022,2,2514794,288,91997209
andhra-pradesh,"krishna district",2022,2,2552107,289,95341487
andhra-pradesh,"spsr nellore district",2022,2,1509927,290,108755384
andhra-pradesh,"vizianagaram district",2022,2,943242,291,50230853
andhra-pradesh,"ysr district",2022,2,1412848,292,106157470
andhra-pradesh,"west godavari district",2022,2,1714357,293,103338893
andhra-pradesh,"chittoor district",2022,2,2392549,294,158771722
andhra-pradesh,"east godavari district",2022,3,2702234,295,85780890
andhra-pradesh,"srikakulam district",2022,3,1147016,296,46323107
andhra-pradesh,"visakhapatnam district",2022,3,3397514,297,87888969
andhra-pradesh,"prakasam district",2022,3,1567520,298,114185009
andhra-pradesh,"anantapur district",2022,3,2030824,299,181038520
andhra-pradesh,"kurnool district",2022,3,1924127,300,143715547
andhra-pradesh,"guntur district",2022,3,2647100,301,91146114
andhra-pradesh,"krishna district",2022,3,2685215,302,86220959
andhra-pradesh,"spsr nellore district",2022,3,1588875,303,105928407
andhra-pradesh,"vizianagaram district",2022,3,995141,304,46767889
andhra-pradesh,"ysr district",2022,3,1487140,305,107976611
andhra-pradesh,"west godavari district",2022,3,1805967,306,97509407
andhra-pradesh,"chittoor district",2022,3,2517657,307,162524274
andhra-pradesh,"east godavari district",2022,4,2835087,308,173720880
andhra-pradesh,"srikakulam district",2022,4,1204785,309,72666058
andhra-pradesh,"visakhapatnam district",2022,4,3566854,310,208604256
andhra-pradesh,"prakasam district",2022,4,1642503,311,94432083
andhra-pradesh,"anantapur district",2022,4,2128066,312,136685634
andhra-pradesh,"kurnool district",2022,4,2018290,313,105333688
andhra-pradesh,"guntur district",2022,4,2774365,314,144773169
andhra-pradesh,"krishna district",2022,4,2813645,315,156902257
andhra-pradesh,"spsr nellore district",2022,4,1663684,316,103101986
andhra-pradesh,"vizianagaram district",2022,4,1044490,317,64406405
andhra-pradesh,"ysr district",2022,4,1556901,318,93975668
andhra-pradesh,"west godavari district",2022,4,1893310,319,129116752
andhra-pradesh,"chittoor district",2022,4,2636036,320,189655966
arunachal-pradesh,"lower subansiri district",2018,1,498,321,0
arunachal-pradesh,"tirap district",2018,1,557,322,0
arunachal-pradesh,"papum pare district",2018,1,7649,323,0
arunachal-pradesh,"anjaw district",2018,1,278,324,0
arunachal-pradesh,"lower siang district",2018,1,270,325,0
arunachal-pradesh,"dibang valley district",2018,1,66,326,0
arunachal-pradesh,"west kameng district",2018,1,2202,327,0
arunachal-pradesh,"shi yomi district",2018,1,49,328,0
arunachal-pradesh,"east kameng district",2018,1,222,329,0
arunachal-pradesh,"lohit district",2018,1,1207,330,0
arunachal-pradesh,"lepa rada district",2018,1,210,331,0
arunachal-pradesh,"lower dibang valley district",2018,1,601,332,0
arunachal-pradesh,"longding district",2018,1,256,333,0
arunachal-pradesh,"west siang district",2018,1,846,334,0
arunachal-pradesh,"kamle district",2018,1,22,335,0
arunachal-pradesh,"upper siang district",2018,1,301,336,0
arunachal-pradesh,"kurung kumey district",2018,1,97,337,0
arunachal-pradesh,"siang district",2018,1,192,338,0
arunachal-pradesh,"kra daadi district",2018,1,88,339,0
arunachal-pradesh,"changlang district",2018,1,1208,340,0
arunachal-pradesh,"pakke kessang district",2018,1,39,341,0
arunachal-pradesh,"east siang district",2018,1,1803,342,0
arunachal-pradesh,"upper subansiri district",2018,1,572,343,0
arunachal-pradesh,"tawang district",2018,1,1525,344,0
arunachal-pradesh,"namsai district",2018,1,737,345,0
arunachal-pradesh,"lower subansiri district",2018,2,724,346,0
arunachal-pradesh,"tirap district",2018,2,856,347,0
arunachal-pradesh,"papum pare district",2018,2,11418,348,0
arunachal-pradesh,"anjaw district",2018,2,410,349,0
arunachal-pradesh,"lower siang district",2018,2,494,350,0
arunachal-pradesh,"dibang valley district",2018,2,112,351,0
arunachal-pradesh,"west kameng district",2018,2,3442,352,0
arunachal-pradesh,"shi yomi district",2018,2,80,353,0
arunachal-pradesh,"east kameng district",2018,2,343,354,0
arunachal-pradesh,"lohit district",2018,2,1898,355,0
arunachal-pradesh,"lepa rada district",2018,2,318,356,0
arunachal-pradesh,"lower dibang valley district",2018,2,893,357,0
arunachal-pradesh,"longding district",2018,2,412,358,0
arunachal-pradesh,"west siang district",2018,2,1224,359,0
arunachal-pradesh,"kamle district",2018,2,37,360,0
arunachal-pradesh,"upper siang district",2018,2,481,361,0
arunachal-pradesh,"kurung kumey district",2018,2,153,362,0
arunachal-pradesh,"siang district",2018,2,293,363,0
arunachal-pradesh,"kra daadi district",2018,2,144,364,0
arunachal-pradesh,"changlang district",2018,2,2014,365,0
arunachal-pradesh,"pakke kessang district",2018,2,66,366,0
arunachal-pradesh,"east siang district",2018,2,2646,367,0
arunachal-pradesh,"upper subansiri district",2018,2,883,368,0
arunachal-pradesh,"tawang district",2018,2,2266,369,0
arunachal-pradesh,"namsai district",2018,2,1276,370,0
arunachal-pradesh,"lower subansiri district",2018,3,1033,371,0
arunachal-pradesh,"tirap district",2018,3,1226,372,0
arunachal-pradesh,"papum pare district",2018,3,16009,373,0
arunachal-pradesh,"anjaw district",2018,3,542,374,0
arunachal-pradesh,"lower siang district",2018,3,717,375,0
arunachal-pradesh,"dibang valley district",2018,3,145,376,0
arunachal-pradesh,"west kameng district",2018,3,4765,377,0
arunachal-pradesh,"shi yomi district",2018,3,118,378,0
arunachal-pradesh,"east kameng district",2018,3,521,379,0
arunachal-pradesh,"lohit district",2018,3,2612,380,0
arunachal-pradesh,"lepa rada district",2018,3,431,381,0
arunachal-pradesh,"lower dibang valley district",2018,3,1286,382,0
arunachal-pradesh,"longding district",2018,3,644,383,0
arunachal-pradesh,"west siang district",2018,3,1652,384,0
arunachal-pradesh,"kamle district",2018,3,65,385,0
arunachal-pradesh,"upper siang district",2018,3,646,386,0
arunachal-pradesh,"kurung kumey district",2018,3,222,387,0
arunachal-pradesh,"siang district",2018,3,373,388,0
arunachal-pradesh,"kra daadi district",2018,3,190,389,0
arunachal-pradesh,"changlang district",2018,3,2889,390,0
arunachal-pradesh,"pakke kessang district",2018,3,103,391,0
arunachal-pradesh,"east siang district",2018,3,3590,392,0
arunachal-pradesh,"upper subansiri district",2018,3,1169,393,0
arunachal-pradesh,"tawang district",2018,3,3112,394,0
arunachal-pradesh,"namsai district",2018,3,1862,395,0
arunachal-pradesh,"lower subansiri district",2018,4,1459,396,0
arunachal-pradesh,"tirap district",2018,4,1684,397,0
arunachal-pradesh,"papum pare district",2018,4,21342,398,0
arunachal-pradesh,"anjaw district",2018,4,744,399,0
arunachal-pradesh,"lower siang district",2018,4,936,400,0
arunachal-pradesh,"dibang valley district",2018,4,178,401,0
arunachal-pradesh,"west kameng district",2018,4,6492,402,0
arunachal-pradesh,"shi yomi district",2018,4,144,403,0
arunachal-pradesh,"east kameng district",2018,4,691,404,0
arunachal-pradesh,"lohit district",2018,4,3588,405,0
arunachal-pradesh,"lepa rada district",2018,4,548,406,0
arunachal-pradesh,"lower dibang valley district",2018,4,1827,407,0
arunachal-pradesh,"longding district",2018,4,923,408,0
arunachal-pradesh,"west siang district",2018,4,2117,409,0
arunachal-pradesh,"kamle district",2018,4,109,410,0
arunachal-pradesh,"upper siang district",2018,4,868,411,0
arunachal-pradesh,"kurung kumey district",2018,4,321,412,0
arunachal-pradesh,"siang district",2018,4,483,413,0
arunachal-pradesh,"kra daadi district",2018,4,255,414,0
arunachal-pradesh,"changlang district",2018,4,4036,415,0
arunachal-pradesh,"pakke kessang district",2018,4,138,416,0
arunachal-pradesh,"east siang district",2018,4,4813,417,0
arunachal-pradesh,"upper subansiri district",2018,4,1576,418,0
arunachal-pradesh,"tawang district",2018,4,4085,419,0
arunachal-pradesh,"namsai district",2018,4,2495,420,0
arunachal-pradesh,"lower subansiri district",2019,1,1879,421,0
arunachal-pradesh,"tirap district",2019,1,2082,422,0
arunachal-pradesh,"papum pare district",2019,1,26298,423,0
arunachal-pradesh,"anjaw district",2019,1,934,424,0
arunachal-pradesh,"lower siang district",2019,1,1123,425,0
arunachal-pradesh,"dibang valley district",2019,1,211,426,0
arunachal-pradesh,"west kameng district",2019,1,8115,427,0
arunachal-pradesh,"shi yomi district",2019,1,186,428,0
arunachal-pradesh,"east kameng district",2019,1,876,429,0
arunachal-pradesh,"lohit district",2019,1,4416,430,0
arunachal-pradesh,"lepa rada district",2019,1,710,431,0
arunachal-pradesh,"lower dibang valley district",2019,1,2314,432,0
arunachal-pradesh,"longding district",2019,1,1152,433,0
arunachal-pradesh,"west siang district",2019,1,2656,434,0
arunachal-pradesh,"kamle district",2019,1,141,435,0
arunachal-pradesh,"upper siang district",2019,1,1125,436,0
arunachal-pradesh,"kurung kumey district",2019,1,385,437,0
arunachal-pradesh,"siang district",2019,1,651,438,0
arunachal-pradesh,"kra daadi district",2019,1,350,439,0
arunachal-pradesh,"changlang district",2019,1,5210,440,0
arunachal-pradesh,"pakke kessang district",2019,1,162,441,0
arunachal-pradesh,"east siang district",2019,1,5899,442,0
arunachal-pradesh,"upper subansiri district",2019,1,1906,443,0
arunachal-pradesh,"tawang district",2019,1,5023,444,0
arunachal-pradesh,"namsai district",2019,1,3153,445,0
arunachal-pradesh,"lower subansiri district",2019,2,2463,446,11644
arunachal-pradesh,"tirap district",2019,2,2697,447,12779
arunachal-pradesh,"papum pare district",2019,2,32800,448,163673
arunachal-pradesh,"anjaw district",2019,2,1175,449,4993
arunachal-pradesh,"lower siang district",2019,2,1457,450,7737
arunachal-pradesh,"dibang valley district",2019,2,241,451,258
arunachal-pradesh,"west kameng district",2019,2,9782,452,73944
arunachal-pradesh,"shi yomi district",2019,2,225,453,24
arunachal-pradesh,"east kameng district",2019,2,1075,454,4146
arunachal-pradesh,"lohit district",2019,2,5485,455,32550
arunachal-pradesh,"lepa rada district",2019,2,903,456,4196
arunachal-pradesh,"lower dibang valley district",2019,2,2842,457,12669
arunachal-pradesh,"longding district",2019,2,1420,458,13256
arunachal-pradesh,"west siang district",2019,2,3393,459,15972
arunachal-pradesh,"kamle district",2019,2,212,460,972
arunachal-pradesh,"upper siang district",2019,2,1372,461,2710
arunachal-pradesh,"kurung kumey district",2019,2,481,462,2171
arunachal-pradesh,"siang district",2019,2,831,463,3209
arunachal-pradesh,"kra daadi district",2019,2,440,464,2639
arunachal-pradesh,"changlang district",2019,2,6884,465,37725
arunachal-pradesh,"pakke kessang district",2019,2,211,466,1237
arunachal-pradesh,"east siang district",2019,2,7319,467,34596
arunachal-pradesh,"upper subansiri district",2019,2,2355,468,9043
arunachal-pradesh,"tawang district",2019,2,5908,469,32103
arunachal-pradesh,"namsai district",2019,2,3914,470,18627
arunachal-pradesh,"lower subansiri district",2019,3,2928,471,42877
arunachal-pradesh,"tirap district",2019,3,3099,472,49222
arunachal-pradesh,"papum pare district",2019,3,38845,473,582435
arunachal-pradesh,"anjaw district",2019,3,1358,474,19509
arunachal-pradesh,"lower siang district",2019,3,1689,475,25736
arunachal-pradesh,"dibang valley district",2019,3,271,476,1436
arunachal-pradesh,"west kameng district",2019,3,11186,477,260068
arunachal-pradesh,"shi yomi district",2019,3,239,478,158
arunachal-pradesh,"east kameng district",2019,3,1304,479,19974
arunachal-pradesh,"lohit district",2019,3,6421,480,112322
arunachal-pradesh,"lepa rada district",2019,3,1064,481,13695
arunachal-pradesh,"lower dibang valley district",2019,3,3398,482,43057
arunachal-pradesh,"longding district",2019,3,1634,483,46571
arunachal-pradesh,"west siang district",2019,3,4101,484,64241
arunachal-pradesh,"kamle district",2019,3,258,485,3686
arunachal-pradesh,"upper siang district",2019,3,1486,486,8960
arunachal-pradesh,"kurung kumey district",2019,3,572,487,8396
arunachal-pradesh,"siang district",2019,3,948,488,13437
arunachal-pradesh,"kra daadi district",2019,3,524,489,11363
arunachal-pradesh,"changlang district",2019,3,8145,490,139098
arunachal-pradesh,"pakke kessang district",2019,3,244,491,5099
arunachal-pradesh,"east siang district",2019,3,8571,492,118071
arunachal-pradesh,"upper subansiri district",2019,3,2748,493,35114
arunachal-pradesh,"tawang district",2019,3,6553,494,114907
arunachal-pradesh,"namsai district",2019,3,4563,495,72268
arunachal-pradesh,"lower subansiri district",2019,4,3564,496,53396
arunachal-pradesh,"tirap district",2019,4,3605,497,67097
arunachal-pradesh,"papum pare district",2019,4,44746,498,670934
arunachal-pradesh,"anjaw district",2019,4,1564,499,23729
arunachal-pradesh,"lower siang district",2019,4,1921,500,28156
arunachal-pradesh,"dibang valley district",2019,4,289,501,1738
arunachal-pradesh,"west kameng district",2019,4,12562,502,313584
arunachal-pradesh,"shi yomi district",2019,4,266,503,880
arunachal-pradesh,"east kameng district",2019,4,1623,504,27850
arunachal-pradesh,"lohit district",2019,4,7386,505,129353
arunachal-pradesh,"lepa rada district",2019,4,1263,506,20798
arunachal-pradesh,"lower dibang valley district",2019,4,3944,507,50034
arunachal-pradesh,"longding district",2019,4,1847,508,48945
arunachal-pradesh,"west siang district",2019,4,4773,509,70790
arunachal-pradesh,"kamle district",2019,4,323,510,5098
arunachal-pradesh,"upper siang district",2019,4,1804,511,26060
arunachal-pradesh,"kurung kumey district",2019,4,653,512,7904
arunachal-pradesh,"siang district",2019,4,1131,513,19220
arunachal-pradesh,"kra daadi district",2019,4,603,514,13700
arunachal-pradesh,"changlang district",2019,4,9662,515,152680
arunachal-pradesh,"pakke kessang district",2019,4,296,516,5981
arunachal-pradesh,"east siang district",2019,4,9859,517,132534
arunachal-pradesh,"upper subansiri district",2019,4,3144,518,42354
arunachal-pradesh,"tawang district",2019,4,7303,519,139898
arunachal-pradesh,"namsai district",2019,4,5190,520,87627
arunachal-pradesh,"lower subansiri district",2020,1,4351,521,72887
arunachal-pradesh,"tirap district",2020,1,4261,522,76554
arunachal-pradesh,"papum pare district",2020,1,51342,523,819599
arunachal-pradesh,"anjaw district",2020,1,1747,524,25453
arunachal-pradesh,"lower siang district",2020,1,2201,525,35216
arunachal-pradesh,"dibang valley district",2020,1,320,526,2195
arunachal-pradesh,"west kameng district",2020,1,13983,527,332479
arunachal-pradesh,"shi yomi district",2020,1,290,528,989
arunachal-pradesh,"east kameng district",2020,1,1962,529,37103
arunachal-pradesh,"lohit district",2020,1,8454,530,159158
arunachal-pradesh,"lepa rada district",2020,1,1532,531,28280
arunachal-pradesh,"lower dibang valley district",2020,1,4650,532,71091
arunachal-pradesh,"longding district",2020,1,2201,533,58817
arunachal-pradesh,"west siang district",2020,1,5757,534,97255
arunachal-pradesh,"kamle district",2020,1,373,535,7135
arunachal-pradesh,"upper siang district",2020,1,2143,536,37600
arunachal-pradesh,"kurung kumey district",2020,1,725,537,11471
arunachal-pradesh,"siang district",2020,1,1390,538,24530
arunachal-pradesh,"kra daadi district",2020,1,701,539,16770
arunachal-pradesh,"changlang district",2020,1,11262,540,201632
arunachal-pradesh,"pakke kessang district",2020,1,371,541,9758
arunachal-pradesh,"east siang district",2020,1,11298,542,167166
arunachal-pradesh,"upper subansiri district",2020,1,3675,543,56522
arunachal-pradesh,"tawang district",2020,1,8048,544,138728
arunachal-pradesh,"namsai district",2020,1,6029,545,109933
arunachal-pradesh,"lower subansiri district",2020,2,5392,546,108893
arunachal-pradesh,"tirap district",2020,2,5239,547,114770
arunachal-pradesh,"papum pare district",2020,2,59968,548,932769
arunachal-pradesh,"anjaw district",2020,2,1961,549,34903
arunachal-pradesh,"lower siang district",2020,2,2644,550,48738
arunachal-pradesh,"dibang valley district",2020,2,367,551,4076
arunachal-pradesh,"west kameng district",2020,2,15766,552,394250
arunachal-pradesh,"shi yomi district",2020,2,320,553,1597
arunachal-pradesh,"east kameng district",2020,2,2506,554,53112
arunachal-pradesh,"lohit district",2020,2,10154,555,219948
arunachal-pradesh,"lepa rada district",2020,2,1890,556,38098
arunachal-pradesh,"lower dibang valley district",2020,2,5782,557,110670
arunachal-pradesh,"longding district",2020,2,2751,558,86086
arunachal-pradesh,"west siang district",2020,2,7239,559,147515
arunachal-pradesh,"kamle district",2020,2,509,560,11566
arunachal-pradesh,"upper siang district",2020,2,2552,561,54123
arunachal-pradesh,"kurung kumey district",2020,2,834,562,16738
arunachal-pradesh,"siang district",2020,2,1831,563,40101
arunachal-pradesh,"kra daadi district",2020,2,870,564,25480
arunachal-pradesh,"changlang district",2020,2,14036,565,293705
arunachal-pradesh,"pakke kessang district",2020,2,438,566,13500
arunachal-pradesh,"east siang district",2020,2,13601,567,235755
arunachal-pradesh,"upper subansiri district",2020,2,4465,568,80310
arunachal-pradesh,"tawang district",2020,2,8993,569,170812
arunachal-pradesh,"namsai district",2020,2,7426,570,149491
arunachal-pradesh,"lower subansiri district",2020,3,6456,571,117359
arunachal-pradesh,"tirap district",2020,3,6119,572,125437
arunachal-pradesh,"papum pare district",2020,3,69419,573,1157730
arunachal-pradesh,"anjaw district",2020,3,2226,574,42320
arunachal-pradesh,"lower siang district",2020,3,2983,575,51520
arunachal-pradesh,"dibang valley district",2020,3,411,576,4634
arunachal-pradesh,"west kameng district",2020,3,17636,577,461190
arunachal-pradesh,"shi yomi district",2020,3,337,578,2788
arunachal-pradesh,"east kameng district",2020,3,3169,579,63062
arunachal-pradesh,"lohit district",2020,3,11755,580,264444
arunachal-pradesh,"lepa rada district",2020,3,2304,581,47233
arunachal-pradesh,"lower dibang valley district",2020,3,6799,582,117752
arunachal-pradesh,"longding district",2020,3,3277,583,91330
arunachal-pradesh,"west siang district",2020,3,8623,584,158496
arunachal-pradesh,"kamle district",2020,3,639,585,12196
arunachal-pradesh,"upper siang district",2020,3,3011,586,59246
arunachal-pradesh,"kurung kumey district",2020,3,1025,587,18583
arunachal-pradesh,"siang district",2020,3,2225,588,42723
arunachal-pradesh,"kra daadi district",2020,3,1026,589,29126
arunachal-pradesh,"changlang district",2020,3,16385,590,326045
arunachal-pradesh,"pakke kessang district",2020,3,508,591,11721
arunachal-pradesh,"east siang district",2020,3,15921,592,302165
arunachal-pradesh,"upper subansiri district",2020,3,5295,593,106598
arunachal-pradesh,"tawang district",2020,3,9944,594,224583
arunachal-pradesh,"namsai district",2020,3,8553,595,165140
arunachal-pradesh,"lower subansiri district",2020,4,7388,596,124398
arunachal-pradesh,"tirap district",2020,4,6805,597,134124
arunachal-pradesh,"papum pare district",2020,4,77936,598,1397025
arunachal-pradesh,"anjaw district",2020,4,2485,599,61121
arunachal-pradesh,"lower siang district",2020,4,3320,600,54476
arunachal-pradesh,"dibang valley district",2020,4,444,601,7677
arunachal-pradesh,"west kameng district",2020,4,19464,602,455337
arunachal-pradesh,"shi yomi district",2020,4,370,603,5847
arunachal-pradesh,"east kameng district",2020,4,3638,604,62876
arunachal-pradesh,"lohit district",2020,4,13126,605,285992
arunachal-pradesh,"lepa rada district",2020,4,2735,606,57036
arunachal-pradesh,"lower dibang valley district",2020,4,7693,607,132469
arunachal-pradesh,"longding district",2020,4,3753,608,87881
arunachal-pradesh,"west siang district",2020,4,9911,609,180696
arunachal-pradesh,"kamle district",2020,4,745,610,14866
arunachal-pradesh,"upper siang district",2020,4,3497,611,80140
arunachal-pradesh,"kurung kumey district",2020,4,1173,612,21168
arunachal-pradesh,"siang district",2020,4,2635,613,48090
arunachal-pradesh,"kra daadi district",2020,4,1141,614,27924
arunachal-pradesh,"changlang district",2020,4,18203,615,320708
arunachal-pradesh,"pakke kessang district",2020,4,593,616,11458
arunachal-pradesh,"east siang district",2020,4,17822,617,349321
arunachal-pradesh,"upper subansiri district",2020,4,6069,618,125505
arunachal-pradesh,"tawang district",2020,4,10909,619,249095
arunachal-pradesh,"namsai district",2020,4,9437,620,177437
arunachal-pradesh,"lower subansiri district",2021,1,8044,621,136547
arunachal-pradesh,"tirap district",2021,1,7376,622,136247
arunachal-pradesh,"papum pare district",2021,1,84715,623,1553363
arunachal-pradesh,"anjaw district",2021,1,2660,624,55283
arunachal-pradesh,"lower siang district",2021,1,3594,625,61226
arunachal-pradesh,"dibang valley district",2021,1,478,626,9538
arunachal-pradesh,"west kameng district",2021,1,21027,627,483047
arunachal-pradesh,"shi yomi district",2021,1,390,628,7228
arunachal-pradesh,"east kameng district",2021,1,3990,629,69455
arunachal-pradesh,"lohit district",2021,1,14231,630,295880
arunachal-pradesh,"lepa rada district",2021,1,3008,631,68424
arunachal-pradesh,"lower dibang valley district",2021,1,8402,632,145425
arunachal-pradesh,"longding district",2021,1,4117,633,92482
arunachal-pradesh,"west siang district",2021,1,10836,634,191242
arunachal-pradesh,"kamle district",2021,1,814,635,16142
arunachal-pradesh,"upper siang district",2021,1,3847,636,87503
arunachal-pradesh,"kurung kumey district",2021,1,1287,637,25911
arunachal-pradesh,"siang district",2021,1,2878,638,56271
arunachal-pradesh,"kra daadi district",2021,1,1244,639,30137
arunachal-pradesh,"changlang district",2021,1,19716,640,344148
arunachal-pradesh,"pakke kessang district",2021,1,647,641,14995
arunachal-pradesh,"east siang district",2021,1,19342,642,363085
arunachal-pradesh,"upper subansiri district",2021,1,6577,643,122422
arunachal-pradesh,"tawang district",2021,1,11778,644,230123
arunachal-pradesh,"namsai district",2021,1,10242,645,200584
arunachal-pradesh,"lower subansiri district",2021,2,8685,646,444426
arunachal-pradesh,"tirap district",2021,2,7955,647,547430
arunachal-pradesh,"papum pare district",2021,2,90871,648,1786163
arunachal-pradesh,"anjaw district",2021,2,2866,649,174807
arunachal-pradesh,"lower siang district",2021,2,3872,650,246789
arunachal-pradesh,"dibang valley district",2021,2,516,651,77457
arunachal-pradesh,"west kameng district",2021,2,22625,652,1490269
arunachal-pradesh,"shi yomi district",2021,2,430,653,99619
arunachal-pradesh,"east kameng district",2021,2,4314,654,221705
arunachal-pradesh,"lohit district",2021,2,15360,655,1008718
arunachal-pradesh,"lepa rada district",2021,2,3249,656,228236
arunachal-pradesh,"lower dibang valley district",2021,2,9094,657,434361
arunachal-pradesh,"longding district",2021,2,4456,658,495881
arunachal-pradesh,"west siang district",2021,2,11657,659,467127
arunachal-pradesh,"kamle district",2021,2,883,660,164726
arunachal-pradesh,"upper siang district",2021,2,4145,661,428792
arunachal-pradesh,"kurung kumey district",2021,2,1398,662,201782
arunachal-pradesh,"siang district",2021,2,3116,663,410979
arunachal-pradesh,"kra daadi district",2021,2,1353,664,150762
arunachal-pradesh,"changlang district",2021,2,21404,665,1212334
arunachal-pradesh,"pakke kessang district",2021,2,702,666,156638
arunachal-pradesh,"east siang district",2021,2,20817,667,855042
arunachal-pradesh,"upper subansiri district",2021,2,7057,668,293916
arunachal-pradesh,"tawang district",2021,2,12636,669,830993
arunachal-pradesh,"namsai district",2021,2,11111,670,596897
arunachal-pradesh,"lower subansiri district",2021,3,9451,671,558377
arunachal-pradesh,"tirap district",2021,3,8665,672,578706
arunachal-pradesh,"papum pare district",2021,3,97854,673,2308276
arunachal-pradesh,"anjaw district",2021,3,3099,674,267726
arunachal-pradesh,"lower siang district",2021,3,4229,675,347190
arunachal-pradesh,"dibang valley district",2021,3,571,676,113574
arunachal-pradesh,"west kameng district",2021,3,24489,677,2155265
arunachal-pradesh,"shi yomi district",2021,3,473,678,181457
arunachal-pradesh,"east kameng district",2021,3,4671,679,265900
arunachal-pradesh,"lohit district",2021,3,16680,680,1408514
arunachal-pradesh,"lepa rada district",2021,3,3527,681,264771
arunachal-pradesh,"lower dibang valley district",2021,3,9920,682,581463
arunachal-pradesh,"longding district",2021,3,4890,683,594284
arunachal-pradesh,"west siang district",2021,3,12616,684,544772
arunachal-pradesh,"kamle district",2021,3,974,685,203013
arunachal-pradesh,"upper siang district",2021,3,4506,686,556857
arunachal-pradesh,"kurung kumey district",2021,3,1509,687,292922
arunachal-pradesh,"siang district",2021,3,3396,688,433332
arunachal-pradesh,"kra daadi district",2021,3,1475,689,179974
arunachal-pradesh,"changlang district",2021,3,23328,690,1668215
arunachal-pradesh,"pakke kessang district",2021,3,770,691,213423
arunachal-pradesh,"east siang district",2021,3,22538,692,1086775
arunachal-pradesh,"upper subansiri district",2021,3,7652,693,375423
arunachal-pradesh,"tawang district",2021,3,13650,694,1355010
arunachal-pradesh,"namsai district",2021,3,12140,695,674435
arunachal-pradesh,"lower subansiri district",2021,4,10187,696,348485
arunachal-pradesh,"tirap district",2021,4,9331,697,311867
arunachal-pradesh,"papum pare district",2021,4,104806,698,3554385
arunachal-pradesh,"anjaw district",2021,4,3342,699,125753
arunachal-pradesh,"lower siang district",2021,4,4550,700,156209
arunachal-pradesh,"dibang valley district",2021,4,621,701,18166
arunachal-pradesh,"west kameng district",2021,4,26237,702,1160379
arunachal-pradesh,"shi yomi district",2021,4,498,703,15201
arunachal-pradesh,"east kameng district",2021,4,5027,704,153109
arunachal-pradesh,"lohit district",2021,4,17980,705,728676
arunachal-pradesh,"lepa rada district",2021,4,3810,706,168938
arunachal-pradesh,"lower dibang valley district",2021,4,10679,707,341060
arunachal-pradesh,"longding district",2021,4,5345,708,215529
arunachal-pradesh,"west siang district",2021,4,13555,709,389171
arunachal-pradesh,"kamle district",2021,4,1069,710,48042
arunachal-pradesh,"upper siang district",2021,4,4850,711,208167
arunachal-pradesh,"kurung kumey district",2021,4,1633,712,54213
arunachal-pradesh,"siang district",2021,4,3675,713,121770
arunachal-pradesh,"kra daadi district",2021,4,1593,714,63448
arunachal-pradesh,"changlang district",2021,4,25155,715,829350
arunachal-pradesh,"pakke kessang district",2021,4,835,716,35976
arunachal-pradesh,"east siang district",2021,4,24208,717,897713
arunachal-pradesh,"upper subansiri district",2021,4,8201,718,240330
arunachal-pradesh,"tawang district",2021,4,14665,719,506240
arunachal-pradesh,"namsai district",2021,4,13092,720,538118
arunachal-pradesh,"lower subansiri district",2022,1,10854,721,1566925
arunachal-pradesh,"tirap district",2022,1,9972,722,1634844
arunachal-pradesh,"papum pare district",2022,1,111271,723,3209286
arunachal-pradesh,"anjaw district",2022,1,3560,724,640611
arunachal-pradesh,"lower siang district",2022,1,4882,725,1085994
arunachal-pradesh,"dibang valley district",2022,1,656,726,267633
arunachal-pradesh,"west kameng district",2022,1,27860,727,4098935
arunachal-pradesh,"shi yomi district",2022,1,540,728,230973
arunachal-pradesh,"east kameng district",2022,1,5355,729,703590
arunachal-pradesh,"lohit district",2022,1,19214,730,3212352
arunachal-pradesh,"lepa rada district",2022,1,4049,731,1182371
arunachal-pradesh,"lower dibang valley district",2022,1,11401,732,1918566
arunachal-pradesh,"longding district",2022,1,5700,733,1728795
arunachal-pradesh,"west siang district",2022,1,14420,734,1420049
arunachal-pradesh,"kamle district",2022,1,1144,735,758412
arunachal-pradesh,"upper siang district",2022,1,5146,736,2047229
arunachal-pradesh,"kurung kumey district",2022,1,1744,737,845626
arunachal-pradesh,"siang district",2022,1,3942,738,1227784
arunachal-pradesh,"kra daadi district",2022,1,1701,739,720274
arunachal-pradesh,"changlang district",2022,1,26904,740,4323291
arunachal-pradesh,"pakke kessang district",2022,1,887,741,770322
arunachal-pradesh,"east siang district",2022,1,25763,742,3444101
arunachal-pradesh,"upper subansiri district",2022,1,8731,743,921019
arunachal-pradesh,"tawang district",2022,1,15589,744,1922991
arunachal-pradesh,"namsai district",2022,1,14054,745,1536586
arunachal-pradesh,"lower subansiri district",2022,2,11479,746,1637036
arunachal-pradesh,"tirap district",2022,2,10538,747,2173316
arunachal-pradesh,"papum pare district",2022,2,117568,748,3870115
arunachal-pradesh,"anjaw district",2022,2,3769,749,942878
arunachal-pradesh,"lower siang district",2022,2,5161,750,1296404
arunachal-pradesh,"dibang valley district",2022,2,701,751,212502
arunachal-pradesh,"west kameng district",2022,2,29424,752,5493311
arunachal-pradesh,"shi yomi district",2022,2,575,753,197796
arunachal-pradesh,"east kameng district",2022,2,5680,754,791335
arunachal-pradesh,"lohit district",2022,2,20325,755,3608724
arunachal-pradesh,"lepa rada district",2022,2,4265,756,1110684
arunachal-pradesh,"lower dibang valley district",2022,2,12040,757,2045531
arunachal-pradesh,"longding district",2022,2,6034,758,1821245
arunachal-pradesh,"west siang district",2022,2,15231,759,1555876
arunachal-pradesh,"kamle district",2022,2,1210,760,1066185
arunachal-pradesh,"upper siang district",2022,2,5440,761,2396815
arunachal-pradesh,"kurung kumey district",2022,2,1854,762,734369
arunachal-pradesh,"siang district",2022,2,4160,763,1500428
arunachal-pradesh,"kra daadi district",2022,2,1797,764,724575
arunachal-pradesh,"changlang district",2022,2,28495,765,5476741
arunachal-pradesh,"pakke kessang district",2022,2,945,766,590302
arunachal-pradesh,"east siang district",2022,2,27240,767,3704889
arunachal-pradesh,"upper subansiri district",2022,2,9235,768,1261876
arunachal-pradesh,"tawang district",2022,2,16475,769,3393271
arunachal-pradesh,"namsai district",2022,2,14887,770,2283314
arunachal-pradesh,"lower subansiri district",2022,3,12085,771,2475131
arunachal-pradesh,"tirap district",2022,3,11115,772,2414601
arunachal-pradesh,"papum pare district",2022,3,124095,773,4843797
arunachal-pradesh,"anjaw district",2022,3,3966,774,844043
arunachal-pradesh,"lower siang district",2022,3,5436,775,1508192
arunachal-pradesh,"dibang valley district",2022,3,740,776,285052
arunachal-pradesh,"west kameng district",2022,3,30964,777,7334928
arunachal-pradesh,"shi yomi district",2022,3,598,778,312490
arunachal-pradesh,"east kameng district",2022,3,5997,779,1054633
arunachal-pradesh,"lohit district",2022,3,21385,780,4282624
arunachal-pradesh,"lepa rada district",2022,3,4510,781,1208942
arunachal-pradesh,"lower dibang valley district",2022,3,12668,782,2160151
arunachal-pradesh,"longding district",2022,3,6321,783,2587741
arunachal-pradesh,"west siang district",2022,3,16063,784,1637984
arunachal-pradesh,"kamle district",2022,3,1262,785,1335449
arunachal-pradesh,"upper siang district",2022,3,5690,786,2257253
arunachal-pradesh,"kurung kumey district",2022,3,1936,787,861405
arunachal-pradesh,"siang district",2022,3,4369,788,1681957
arunachal-pradesh,"kra daadi district",2022,3,1893,789,1436202
arunachal-pradesh,"changlang district",2022,3,29965,790,5703178
arunachal-pradesh,"pakke kessang district",2022,3,980,791,1039686
arunachal-pradesh,"east siang district",2022,3,28698,792,3767855
arunachal-pradesh,"upper subansiri district",2022,3,9713,793,1535818
arunachal-pradesh,"tawang district",2022,3,17281,794,4728673
arunachal-pradesh,"namsai district",2022,3,15642,795,2424843
arunachal-pradesh,"lower subansiri district",2022,4,12630,796,833741
arunachal-pradesh,"tirap district",2022,4,11584,797,645541
arunachal-pradesh,"papum pare district",2022,4,130306,798,6605350
arunachal-pradesh,"anjaw district",2022,4,4105,799,197829
arunachal-pradesh,"lower siang district",2022,4,5633,800,318731
arunachal-pradesh,"dibang valley district",2022,4,752,801,15469
arunachal-pradesh,"west kameng district",2022,4,32237,802,2129051
arunachal-pradesh,"shi yomi district",2022,4,615,803,25308
arunachal-pradesh,"east kameng district",2022,4,6307,804,390756
arunachal-pradesh,"lohit district",2022,4,22359,805,1441490
arunachal-pradesh,"lepa rada district",2022,4,4730,806,345752
arunachal-pradesh,"lower dibang valley district",2022,4,13188,807,799856
arunachal-pradesh,"longding district",2022,4,6590,808,442997
arunachal-pradesh,"west siang district",2022,4,16816,809,964082
arunachal-pradesh,"kamle district",2022,4,1301,810,131540
arunachal-pradesh,"upper siang district",2022,4,5930,811,277877
arunachal-pradesh,"kurung kumey district",2022,4,2008,812,72926
arunachal-pradesh,"siang district",2022,4,4500,813,277881
arunachal-pradesh,"kra daadi district",2022,4,1960,814,131838
arunachal-pradesh,"changlang district",2022,4,31196,815,1611653
arunachal-pradesh,"pakke kessang district",2022,4,1013,816,72545
arunachal-pradesh,"east siang district",2022,4,30033,817,1542563
arunachal-pradesh,"upper subansiri district",2022,4,10189,818,456906
arunachal-pradesh,"tawang district",2022,4,18003,819,947132
arunachal-pradesh,"namsai district",2022,4,16322,820,1096224
assam,"tinsukia district",2018,1,15998,821,0
assam,"lakhimpur district",2018,1,8143,822,0
assam,"kamrup district",2018,1,15241,823,0
assam,"kokrajhar district",2018,1,6566,824,0
assam,"karbi anglong district",2018,1,5694,825,0
assam,"sivasagar district",2018,1,8292,826,0
assam,"dibrugarh district",2018,1,21182,827,0
assam,"south salmara mancachar district",2018,1,2420,828,0
assam,"nagaon district",2018,1,19619,829,0
assam,"dhubri district",2018,1,11421,830,0
assam,"golaghat district",2018,1,10102,831,0
assam,"udalguri district",2018,1,4768,832,0
assam,"majuli district",2018,1,1274,833,0
assam,"sonitpur district",2018,1,18986,834,0
assam,"hojai district",2018,1,7571,835,0
assam,"marigaon district",2018,1,7193,836,0
assam,"chirang district",2018,1,3487,837,0
assam,"cachar district",2018,1,19567,838,0
assam,"nalbari district",2018,1,6874,839,0
assam,"west karbi anglong district",2018,1,835,840,0
assam,"dhemaji district",2018,1,6623,841,0
assam,"karimganj district",2018,1,7367,842,0
assam,"bongaigaon district",2018,1,9724,843,0
assam,"dima hasao district",2018,1,2245,844,0
assam,"baksa district",2018,1,6082,845,0
assam,"charaideo district",2018,1,4366,846,0
assam,"darrang district",2018,1,8050,847,0
assam,"kamrup metropolitan district",2018,1,87336,848,0
assam,"hailakandi district",2018,1,5700,849,0
assam,"barpeta district",2018,1,20485,850,0
assam,"goalpara district",2018,1,10420,851,0
assam,"biswanath district",2018,1,5164,852,0
assam,"jorhat district",2018,1,16442,853,0
assam,"tinsukia district",2018,2,23900,854,0
assam,"lakhimpur district",2018,2,12719,855,0
assam,"kamrup district",2018,2,23595,856,0
assam,"kokrajhar district",2018,2,9480,857,0
assam,"karbi anglong district",2018,2,8725,858,0
assam,"sivasagar district",2018,2,12596,859,0
assam,"dibrugarh district",2018,2,30527,860,0
assam,"south salmara mancachar district",2018,2,3557,861,0
assam,"nagaon district",2018,2,29412,862,0
assam,"dhubri district",2018,2,16701,863,0
assam,"golaghat district",2018,2,15237,864,0
assam,"udalguri district",2018,2,7691,865,0
assam,"majuli district",2018,2,1927,866,0
assam,"sonitpur district",2018,2,28409,867,0
assam,"hojai district",2018,2,10903,868,0
assam,"marigaon district",2018,2,11217,869,0
assam,"chirang district",2018,2,5105,870,0
assam,"cachar district",2018,2,29381,871,0
assam,"nalbari district",2018,2,10898,872,0
assam,"west karbi anglong district",2018,2,1406,873,0
assam,"dhemaji district",2018,2,10157,874,0
assam,"karimganj district",2018,2,11732,875,0
assam,"bongaigaon district",2018,2,14065,876,0
assam,"dima hasao district",2018,2,3404,877,0
assam,"baksa district",2018,2,9739,878,0
assam,"charaideo district",2018,2,6693,879,0
assam,"darrang district",2018,2,11954,880,0
assam,"kamrup metropolitan district",2018,2,124720,881,0
assam,"hailakandi district",2018,2,8687,882,0
assam,"barpeta district",2018,2,29882,883,0
assam,"goalpara district",2018,2,14974,884,0
assam,"biswanath district",2018,2,7970,885,0
assam,"jorhat district",2018,2,23683,886,0
assam,"tinsukia district",2018,3,32870,887,0
assam,"lakhimpur district",2018,3,18337,888,0
assam,"kamrup district",2018,3,33197,889,0
assam,"kokrajhar district",2018,3,13164,890,0
assam,"karbi anglong district",2018,3,12282,891,0
assam,"sivasagar district",2018,3,17447,892,0
assam,"dibrugarh district",2018,3,40711,893,0
assam,"south salmara mancachar district",2018,3,4903,894,0
assam,"nagaon district",2018,3,40687,895,0
assam,"dhubri district",2018,3,22705,896,0
assam,"golaghat district",2018,3,21729,897,0
assam,"udalguri district",2018,3,11213,898,0
assam,"majuli district",2018,3,2739,899,0
assam,"sonitpur district",2018,3,38797,900,0
assam,"hojai district",2018,3,14769,901,0
assam,"marigaon district",2018,3,15934,902,0
assam,"chirang district",2018,3,7234,903,0
assam,"cachar district",2018,3,40888,904,0
assam,"nalbari district",2018,3,15082,905,0
assam,"west karbi anglong district",2018,3,2051,906,0
assam,"dhemaji district",2018,3,14771,907,0
assam,"karimganj district",2018,3,17088,908,0
assam,"bongaigaon district",2018,3,18869,909,0
assam,"dima hasao district",2018,3,4860,910,0
assam,"baksa district",2018,3,14459,911,0
assam,"charaideo district",2018,3,9516,912,0
assam,"darrang district",2018,3,16774,913,0
assam,"kamrup metropolitan district",2018,3,164101,914,0
assam,"hailakandi district",2018,3,12471,915,0
assam,"barpeta district",2018,3,41158,916,0
assam,"goalpara district",2018,3,20290,917,0
assam,"biswanath district",2018,3,11572,918,0
assam,"jorhat district",2018,3,32134,919,0
assam,"tinsukia district",2018,4,42624,920,0
assam,"lakhimpur district",2018,4,25253,921,0
assam,"kamrup district",2018,4,44868,922,0
assam,"kokrajhar district",2018,4,17317,923,0
assam,"karbi anglong district",2018,4,16359,924,0
assam,"sivasagar district",2018,4,23195,925,0
assam,"dibrugarh district",2018,4,52539,926,0
assam,"south salmara mancachar district",2018,4,6809,927,0
assam,"nagaon district",2018,4,54395,928,0
assam,"dhubri district",2018,4,30132,929,0
assam,"golaghat district",2018,4,28795,930,0
assam,"udalguri district",2018,4,15637,931,0
assam,"majuli district",2018,4,3882,932,0
assam,"sonitpur district",2018,4,51420,933,0
assam,"hojai district",2018,4,19400,934,0
assam,"marigaon district",2018,4,21518,935,0
assam,"chirang district",2018,4,9567,936,0
assam,"cachar district",2018,4,53209,937,0
assam,"nalbari district",2018,4,20512,938,0
assam,"west karbi anglong district",2018,4,2925,939,0
assam,"dhemaji district",2018,4,19530,940,0
assam,"karimganj district",2018,4,23348,941,0
assam,"bongaigaon district",2018,4,24766,942,0
assam,"dima hasao district",2018,4,6483,943,0
assam,"baksa district",2018,4,20047,944,0
assam,"charaideo district",2018,4,12563,945,0
assam,"darrang district",2018,4,22235,946,0
assam,"kamrup metropolitan district",2018,4,214212,947,0
assam,"hailakandi district",2018,4,16753,948,0
assam,"barpeta district",2018,4,55068,949,0
assam,"goalpara district",2018,4,27280,950,0
assam,"biswanath district",2018,4,15480,951,0
assam,"jorhat district",2018,4,41100,952,0
assam,"tinsukia district",2019,1,51108,953,0
assam,"lakhimpur district",2019,1,31154,954,0
assam,"kamrup district",2019,1,54910,955,0
assam,"kokrajhar district",2019,1,21029,956,0
assam,"karbi anglong district",2019,1,20131,957,0
assam,"sivasagar district",2019,1,28059,958,0
assam,"dibrugarh district",2019,1,62656,959,0
assam,"south salmara mancachar district",2019,1,8674,960,0
assam,"nagaon district",2019,1,66306,961,0
assam,"dhubri district",2019,1,36652,962,0
assam,"golaghat district",2019,1,34918,963,0
assam,"udalguri district",2019,1,19336,964,0
assam,"majuli district",2019,1,4861,965,0
assam,"sonitpur district",2019,1,62218,966,0
assam,"hojai district",2019,1,23708,967,0
assam,"marigaon district",2019,1,26319,968,0
assam,"chirang district",2019,1,11867,969,0
assam,"cachar district",2019,1,64241,970,0
assam,"nalbari district",2019,1,24925,971,0
assam,"west karbi anglong district",2019,1,3720,972,0
assam,"dhemaji district",2019,1,24052,973,0
assam,"karimganj district",2019,1,29208,974,0
assam,"bongaigaon district",2019,1,29773,975,0
assam,"dima hasao district",2019,1,7915,976,0
assam,"baksa district",2019,1,24926,977,0
assam,"charaideo district",2019,1,15161,978,0
assam,"darrang district",2019,1,27070,979,0
assam,"kamrup metropolitan district",2019,1,255112,980,0
assam,"hailakandi district",2019,1,20697,981,0
assam,"barpeta district",2019,1,67729,982,0
assam,"goalpara district",2019,1,33006,983,0
assam,"biswanath district",2019,1,19050,984,0
assam,"jorhat district",2019,1,48594,985,0
assam,"tinsukia district",2019,2,60548,986,283819
assam,"lakhimpur district",2019,2,38140,987,171210
assam,"kamrup district",2019,2,65883,988,353221
assam,"kokrajhar district",2019,2,25095,989,120739
assam,"karbi anglong district",2019,2,24186,990,115110
assam,"sivasagar district",2019,2,33791,991,143808
assam,"dibrugarh district",2019,2,74342,992,328867
assam,"south salmara mancachar district",2019,2,10692,993,58308
assam,"nagaon district",2019,2,79322,994,381734
assam,"dhubri district",2019,2,43396,995,201797
assam,"golaghat district",2019,2,42168,996,177570
assam,"udalguri district",2019,2,23656,997,109522
assam,"majuli district",2019,2,6014,998,27261
assam,"sonitpur district",2019,2,73717,999,367930
assam,"hojai district",2019,2,28419,1000,131855
