Video_id,Playlist_id,Video_name,Video_description,Published_date,View_count,Like_count,Dislike_count,Favourite_count,Comment_count,Duration,Thumbnail,Caption_status,channel_name
_c9-LO4xiNo,UUnjX8fylNvSKVSMuyTqshsQ,"Streamlit Bar Graph",abcd,"2022-01-12 09:39:00",1306,26,0,0,0,1253,https://i.ytimg.com/vi/_c9-LO4xiNo/default.jpg,FALSE,"AtmaKumar Rai"
_I2-e5XXAWc,UUXdZNHV74WIzwR07T3fy8qg,"RNN 125",abcd,"2022-01-31 09:39:00",1020,11,0,0,0,6092,https://i.ytimg.com/vi/_I2-e5XXAWc/default.jpg,FALSE,"Cosmo Coding"
_KbSNNk9HoY,UUB6nMyokyG-Jx8VJgSrzC9g,"KNN 167",qrst,"2022-10-01 09:39:00",58,1,0,0,0,4559,https://i.ytimg.com/vi/_KbSNNk9HoY/default.jpg,FALSE,"Hira Fuyu: Programming Garden"
_KPEizP2zJw,UUnjX8fylNvSKVSMuyTqshsQ,"KNN 112",uvw,"2022-07-10 09:39:00",84,6,0,0,0,3516,https://i.ytimg.com/vi/_KPEizP2zJw/default.jpg,FALSE,"AtmaKumar Rai"
_uaJ2YlW0WY,UUXdZNHV74WIzwR07T3fy8qg,"RNN 5",qrst,"2022-02-06 09:39:00",24,5,0,0,0,1567,https://i.ytimg.com/vi/_uaJ2YlW0WY/default.jpg,FALSE,"AtmaKumar Rai"
_XQpFFFyro0,UU8R30CRwke8YsBVFTZUiTsw,"KNN 88",qrst,"2022-06-04 09:39:00",124,7,0,0,2,3063,https://i.ytimg.com/vi/_XQpFFFyro0/default.jpg,FALSE,"AtmaKumar Rai"
#NAME?,UU06rPr43Hz79M_jB_0OdkTQ,"regression 32",efgh,"2023-11-04 09:39:00",106,23,0,0,2,6,https://i.ytimg.com/vi/-BoiM-HeC0Y/default.jpg,FALSE,"Arunkumar Bairavan"
0E1VH6z5-BE,UU06rPr43Hz79M_jB_0OdkTQ,"regression 42",qrst,"2023-11-14 09:39:00",40,5,0,0,0,60,https://i.ytimg.com/vi/0E1VH6z5-BE/default.jpg,FALSE,"AtmaKumar Rai"
0EXHziKH6sQ,UUXdZNHV74WIzwR07T3fy8qg,"KNN 22",mnop,"2022-02-26 09:39:00",31,3,0,0,0,1819,https://i.ytimg.com/vi/0EXHziKH6sQ/default.jpg,FALSE,"AtmaKumar Rai"
0kp-h0-ZHj0,UU06rPr43Hz79M_jB_0OdkTQ,"ML Data Analysis 1",efgh,"2022-01-13 09:39:00",50,5,0,0,0,1265,https://i.ytimg.com/vi/0kp-h0-ZHj0/default.jpg,FALSE,"AtmaKumar Rai"
0NM1QVRa454,UUXdZNHV74WIzwR07T3fy8qg,"RNN 65",ijkl,"2022-08-04 09:39:00",145,10,0,0,2,3830,https://i.ytimg.com/vi/0NM1QVRa454/default.jpg,FALSE,"AtmaKumar Rai"
0uTcJcMjD6s,UUnjX8fylNvSKVSMuyTqshsQ,"KNN 245",ijkl,"2022-01-26 09:39:00",100,4,0,0,1,6030,https://i.ytimg.com/vi/0uTcJcMjD6s/default.jpg,FALSE,"Cosmo Coding"
0vZKwmO70n8,UUxcgBmmSpcItHctBSTKUV4A,"RNN 22",xyz,"2022-03-28 09:39:00",41,7,0,0,2,2208,https://i.ytimg.com/vi/0vZKwmO70n8/default.jpg,FALSE,"AtmaKumar Rai"
0w_CSoS1f30,UUB6nMyokyG-Jx8VJgSrzC9g,"KNN 247",uvw,"2022-01-29 09:39:00",998,10,0,0,1,6067,https://i.ytimg.com/vi/0w_CSoS1f30/default.jpg,FALSE,"Cosmo Coding"
0y_i4-FIYU8,UUc-djWbO6OWpgGd4BYCvAGA,"KNN 178",xyz,"2022-10-17 09:39:00",13,3,0,0,0,4760,https://i.ytimg.com/vi/0y_i4-FIYU8/default.jpg,FALSE,"Hira Fuyu: Programming Garden"
0zDSQ1PS12E,UU8R30CRwke8YsBVFTZUiTsw,"KNN 28",uvw,"2022-03-06 09:39:00",2082,16,0,0,4,1932,https://i.ytimg.com/vi/0zDSQ1PS12E/default.jpg,FALSE,"AtmaKumar Rai"
1CMtgadM2AI,UUc-djWbO6OWpgGd4BYCvAGA,"RNN 93",ijkl,"2023-10-27 09:39:00",98,6,0,0,0,4886,https://i.ytimg.com/vi/1CMtgadM2AI/default.jpg,FALSE,"Hira Fuyu: Programming Garden"
1JFbouAim1k,UUB6nMyokyG-Jx8VJgSrzC9g,"regression 84",qrst,"2023-12-26 09:39:00",65,6,0,0,0,1687,https://i.ytimg.com/vi/1JFbouAim1k/default.jpg,FALSE,"AtmaKumar Rai"
1JozhHogwYw,UUxcgBmmSpcItHctBSTKUV4A,"KNN 49",ijkl,"2022-04-07 09:39:00",66,7,0,0,1,2334,https://i.ytimg.com/vi/1JozhHogwYw/default.jpg,FALSE,"AtmaKumar Rai"
1m42QbTBsy0,UUsc5d398QFJY5V1DlVjXbiw,"KNN 13",qrst,"2023-02-13 09:39:00",62,5,0,0,2,1655,https://i.ytimg.com/vi/1m42QbTBsy0/default.jpg,FALSE,"AtmaKumar Rai"
1Q2V9LxoJJ4,UUelMdQTQxlu2FKZeLoyd1Fw,ml,uvw,"2023-01-10 09:39:00",17,5,0,0,1,1228,https://i.ytimg.com/vi/1Q2V9LxoJJ4/default.jpg,FALSE,"AtmaKumar Rai"
1Y7FATDoQUg,UUsc5d398QFJY5V1DlVjXbiw,"KNN 140",uvw,"2023-08-21 09:39:00",278,21,0,0,1,4044,https://i.ytimg.com/vi/1Y7FATDoQUg/default.jpg,FALSE,"AtmaKumar Rai"
1YaXbzlVL9g,UU06rPr43Hz79M_jB_0OdkTQ,"KNN 239",abcd,"2022-01-17 09:39:00",60,2,0,0,0,5916,https://i.ytimg.com/vi/1YaXbzlVL9g/default.jpg,FALSE,"Robo Coding"
2APi6ajg9RY,UU8R30CRwke8YsBVFTZUiTsw,"regression 55",mnop,"2023-11-27 09:39:00",545,5,0,0,0,271,https://i.ytimg.com/vi/2APi6ajg9RY/default.jpg,FALSE,"AtmaKumar Rai"
2Ka_DQwVlPw,UUelMdQTQxlu2FKZeLoyd1Fw,"RNN 26",qrst,"2022-04-09 09:39:00",62,7,0,0,0,2359,https://i.ytimg.com/vi/2Ka_DQwVlPw/default.jpg,FALSE,"AtmaKumar Rai"
2ktSugIwW_U,UUxcgBmmSpcItHctBSTKUV4A,"streamlit text input",mnop,"2022-01-08 09:39:00",1507,14,0,0,0,1203,https://i.ytimg.com/vi/2ktSugIwW_U/default.jpg,FALSE,"AtmaKumar Rai"
2MNdCLBZGWw,UU8R30CRwke8YsBVFTZUiTsw,"KNN 221",efgh,"2023-12-21 09:39:00",90,0,0,0,0,5577,https://i.ytimg.com/vi/2MNdCLBZGWw/default.jpg,FALSE,ubinos
2N6vLSU_sGY,UUxcgBmmSpcItHctBSTKUV4A,"KNN 216",abcd,"2023-12-13 09:39:00",121,1,0,0,0,5477,https://i.ytimg.com/vi/2N6vLSU_sGY/default.jpg,FALSE,ubinos
2yZuVhzRN9U,UUXdZNHV74WIzwR07T3fy8qg,"regression 4",abcd,"2023-09-29 09:39:00",35,9,0,0,0,291,https://i.ytimg.com/vi/2yZuVhzRN9U/default.jpg,FALSE,"Arunkumar Bairavan"
3_UabH8CUvk,UUXdZNHV74WIzwR07T3fy8qg,"KNN 35",ijkl,"2022-03-17 09:39:00",24,2,0,0,0,2070,https://i.ytimg.com/vi/3_UabH8CUvk/default.jpg,FALSE,"AtmaKumar Rai"
3-7Q3CQLc9Y,UUXdZNHV74WIzwR07T3fy8qg,"KNN 142",efgh,"2022-08-24 09:39:00",340,34,0,0,0,4081,https://i.ytimg.com/vi/3-7Q3CQLc9Y/default.jpg,FALSE,"AtmaKumar Rai"
3eDAnLP_RaU,UUxcgBmmSpcItHctBSTKUV4A,"KNN 129",mnop,"2023-08-05 09:39:00",150,9,0,0,1,3842,https://i.ytimg.com/vi/3eDAnLP_RaU/default.jpg,FALSE,"AtmaKumar Rai"
3XyfEWlcZFI,UU8R30CRwke8YsBVFTZUiTsw,"RNN 118",abcd,"2022-01-10 09:39:00",166,0,0,0,0,5828,https://i.ytimg.com/vi/3XyfEWlcZFI/default.jpg,FALSE,"Robo Coding"
4aa2UU2hjwU,UUc-djWbO6OWpgGd4BYCvAGA,"RNN 33",qrst,"2023-04-30 09:39:00",228,11,0,0,0,2623,https://i.ytimg.com/vi/4aa2UU2hjwU/default.jpg,FALSE,"AtmaKumar Rai"
4aO95EQjjBk,UU8R30CRwke8YsBVFTZUiTsw,"KNN 168",uvw,"2023-10-02 09:39:00",74,3,0,0,0,4571,https://i.ytimg.com/vi/4aO95EQjjBk/default.jpg,FALSE,"Hira Fuyu: Programming Garden"
4bvMSxPH5G8,UU8R30CRwke8YsBVFTZUiTsw,"KNN 41",qrst,"2023-03-26 09:39:00",26,3,0,0,0,2183,https://i.ytimg.com/vi/4bvMSxPH5G8/default.jpg,FALSE,"AtmaKumar Rai"
4e_ds8iFO-s,UU06rPr43Hz79M_jB_0OdkTQ,"KNN 226",efgh,"2023-12-28 09:39:00",66,0,0,0,0,5665,https://i.ytimg.com/vi/4e_ds8iFO-s/default.jpg,FALSE,ubinos
4f8Wha0ap6g,UUxcgBmmSpcItHctBSTKUV4A,"KNN 69",qrst,"2022-05-07 09:39:00",79,4,0,0,0,2711,https://i.ytimg.com/vi/4f8Wha0ap6g/default.jpg,FALSE,"AtmaKumar Rai"
4iJvJVJV2LE,UUelMdQTQxlu2FKZeLoyd1Fw,"RNN 36",xyz,"2022-05-09 09:39:00",86,2,0,0,0,2736,https://i.ytimg.com/vi/4iJvJVJV2LE/default.jpg,FALSE,"AtmaKumar Rai"
4pQELIbC5WU,UUc-djWbO6OWpgGd4BYCvAGA,"KNN 11",efgh,"2023-02-10 09:39:00",67,8,0,0,0,1617,https://i.ytimg.com/vi/4pQELIbC5WU/default.jpg,FALSE,"AtmaKumar Rai"
4vHSmPnJsI8,UUB6nMyokyG-Jx8VJgSrzC9g,"KNN 14",uvw,"2022-02-14 09:39:00",26,8,0,0,0,1668,https://i.ytimg.com/vi/4vHSmPnJsI8/default.jpg,FALSE,"AtmaKumar Rai"
5-A4-6I1DIQ,UUxcgBmmSpcItHctBSTKUV4A,"regression 77",qrst,"2023-12-19 09:39:00",78,6,0,0,0,239,https://i.ytimg.com/vi/5-A4-6I1DIQ/default.jpg,FALSE,"AtmaKumar Rai"
55LJ7eSn72g,UUc-djWbO6OWpgGd4BYCvAGA,"regression 30",xyz,"2022-11-02 09:39:00",559,79,0,0,11,372,https://i.ytimg.com/vi/55LJ7eSn72g/default.jpg,FALSE,"Arunkumar Bairavan"
55TGSob5BS0,UUnjX8fylNvSKVSMuyTqshsQ,"KNN 145",xyz,"2022-08-29 09:39:00",165,10,0,0,8,4144,https://i.ytimg.com/vi/55TGSob5BS0/default.jpg,FALSE,"AtmaKumar Rai"
5ck51gtTWls,UU8R30CRwke8YsBVFTZUiTsw,"regression 25",efgh,"2023-10-28 09:39:00",292,22,0,0,2,61,https://i.ytimg.com/vi/5ck51gtTWls/default.jpg,FALSE,"Arunkumar Bairavan"
5CuOrYhf4EE,UUsc5d398QFJY5V1DlVjXbiw,"KNN 120",mnop,"2023-07-22 09:39:00",294,15,0,0,1,3666,https://i.ytimg.com/vi/5CuOrYhf4EE/default.jpg,FALSE,"AtmaKumar Rai"
5FCKGZNxj3c,UUW7bWQtTmHiyCGriEoRO86A,"RNN 19",qrst,"2022-03-19 09:39:00",95,6,0,0,1,2095,https://i.ytimg.com/vi/5FCKGZNxj3c/default.jpg,FALSE,"AtmaKumar Rai"
5jBwcFdwqWA,UUB6nMyokyG-Jx8VJgSrzC9g,"KNN 114",efgh,"2022-07-13 09:39:00",180,11,0,0,0,3553,https://i.ytimg.com/vi/5jBwcFdwqWA/default.jpg,FALSE,"AtmaKumar Rai"
5jdD1Rwzjgk,UUc-djWbO6OWpgGd4BYCvAGA,"RNN 43",xyz,"2022-05-30 09:39:00",127,9,0,0,0,3000,https://i.ytimg.com/vi/5jdD1Rwzjgk/default.jpg,FALSE,"AtmaKumar Rai"
5JQ9s6BFxJ4,UUXdZNHV74WIzwR07T3fy8qg,"RNN 15",xyz,"2023-03-07 09:39:00",153,12,0,0,0,1944,https://i.ytimg.com/vi/5JQ9s6BFxJ4/default.jpg,FALSE,"AtmaKumar Rai"
5RMrDVZz32o,UUnjX8fylNvSKVSMuyTqshsQ,"RNN 40",qrst,"2022-05-21 09:39:00",108,13,0,0,0,2887,https://i.ytimg.com/vi/5RMrDVZz32o/default.jpg,FALSE,"AtmaKumar Rai"
62CbfaU10SM,UUsc5d398QFJY5V1DlVjXbiw,"KNN 100",efgh,"2023-06-22 09:39:00",53,5,0,0,0,3289,https://i.ytimg.com/vi/62CbfaU10SM/default.jpg,FALSE,"AtmaKumar Rai"
67SXycbz5bc,UUc-djWbO6OWpgGd4BYCvAGA,"KNN 71",abcd,"2023-05-10 09:39:00",835,22,0,0,0,2749,https://i.ytimg.com/vi/67SXycbz5bc/default.jpg,FALSE,"AtmaKumar Rai"
6l-1gklhSrM,UUW7bWQtTmHiyCGriEoRO86A,"KNN 230",abcd,"2022-01-03 09:39:00",108,0,0,0,0,5740,https://i.ytimg.com/vi/6l-1gklhSrM/default.jpg,FALSE,ubinos
6Lnx7AC4Mtk,UU06rPr43Hz79M_jB_0OdkTQ,"KNN 79",uvw,"2022-05-22 09:39:00",126,6,0,0,0,2900,https://i.ytimg.com/vi/6Lnx7AC4Mtk/default.jpg,FALSE,"AtmaKumar Rai"
6p-LLXY1j2c,UUXdZNHV74WIzwR07T3fy8qg,"KNN 122",xyz,"2023-07-25 09:39:00",104,6,0,0,0,3704,https://i.ytimg.com/vi/6p-LLXY1j2c/default.jpg,FALSE,"AtmaKumar Rai"
6WHga4ctwjA,UUsc5d398QFJY5V1DlVjXbiw,"Naive Bayes classifier 1",uvw,"2023-01-24 09:39:00",45,5,0,0,0,1404,https://i.ytimg.com/vi/6WHga4ctwjA/default.jpg,FALSE,"AtmaKumar Rai"
6XJuig7NKo4,UUnjX8fylNvSKVSMuyTqshsQ,"KNN 172",qrst,"2022-10-08 09:39:00",122,2,0,0,0,4647,https://i.ytimg.com/vi/6XJuig7NKo4/default.jpg,FALSE,"Hira Fuyu: Programming Garden"
6xleLyK7zS4,UUc-djWbO6OWpgGd4BYCvAGA,"RNN 13",abcd,"2022-03-01 09:39:00",106,10,0,0,3,1869,https://i.ytimg.com/vi/6xleLyK7zS4/default.jpg,FALSE,"AtmaKumar Rai"
71IBk8Hs8qQ,UUxcgBmmSpcItHctBSTKUV4A,"RNN 62",abcd,"2023-07-26 09:39:00",84,7,0,0,0,3717,https://i.ytimg.com/vi/71IBk8Hs8qQ/default.jpg,FALSE,"AtmaKumar Rai"
7BjEDEMQvSQ,UU06rPr43Hz79M_jB_0OdkTQ,"RNN 7",mnop,"2023-02-12 09:39:00",45,4,0,0,0,1643,https://i.ytimg.com/vi/7BjEDEMQvSQ/default.jpg,FALSE,"AtmaKumar Rai"
7foDKMa65WM,UUXdZNHV74WIzwR07T3fy8qg,"KNN 115",mnop,"2023-07-15 09:39:00",187,8,0,0,0,3578,https://i.ytimg.com/vi/7foDKMa65WM/default.jpg,FALSE,"AtmaKumar Rai"
7heMayyE4EM,UUelMdQTQxlu2FKZeLoyd1Fw,"regression 89",ijkl,"2023-12-31 09:39:00",39,9,0,0,0,1345,https://i.ytimg.com/vi/7heMayyE4EM/default.jpg,FALSE,"AtmaKumar Rai"
7jsaLFomDsg,UUnjX8fylNvSKVSMuyTqshsQ,"RNN 10",uvw,"2022-02-21 09:39:00",40,2,0,0,0,1756,https://i.ytimg.com/vi/7jsaLFomDsg/default.jpg,FALSE,"AtmaKumar Rai"
7kRdItbg1Oo,UUsc5d398QFJY5V1DlVjXbiw,"KNN 20",abcd,"2022-02-23 09:39:00",31,2,0,0,0,1781,https://i.ytimg.com/vi/7kRdItbg1Oo/default.jpg,FALSE,"AtmaKumar Rai"
7T3Y9oa9ZsA,UU8R30CRwke8YsBVFTZUiTsw,"regression 75",ijkl,"2023-12-17 09:39:00",334,3,0,0,0,329,https://i.ytimg.com/vi/7T3Y9oa9ZsA/default.jpg,FALSE,"AtmaKumar Rai"
834eWUGXI6Q,UUW7bWQtTmHiyCGriEoRO86A,"RNN 9",ijkl,"2022-02-18 09:39:00",94,11,0,0,0,1718,https://i.ytimg.com/vi/834eWUGXI6Q/default.jpg,FALSE,"AtmaKumar Rai"
8Dr9b0N81oY,UUc-djWbO6OWpgGd4BYCvAGA,"KNN 38",xyz,"2023-03-21 09:39:00",94,7,0,0,0,2120,https://i.ytimg.com/vi/8Dr9b0N81oY/default.jpg,FALSE,"AtmaKumar Rai"
8PXzg0YasB8,UUW7bWQtTmHiyCGriEoRO86A,"KNN 183",abcd,"2022-10-25 09:39:00",14,6,0,0,0,4861,https://i.ytimg.com/vi/8PXzg0YasB8/default.jpg,FALSE,"Hira Fuyu: Programming Garden"
99HXoogx29I,UUXdZNHV74WIzwR07T3fy8qg,"RNN 35",mnop,"2022-05-06 09:39:00",389,13,0,0,0,2698,https://i.ytimg.com/vi/99HXoogx29I/default.jpg,FALSE,"AtmaKumar Rai"
9PwyL4wYi5k,UUXdZNHV74WIzwR07T3fy8qg,"regression 56",qrst,"2023-11-28 09:39:00",38,0,0,0,0,204,https://i.ytimg.com/vi/9PwyL4wYi5k/default.jpg,FALSE,"AtmaKumar Rai"
9sUmSBon4eA,UUXdZNHV74WIzwR07T3fy8qg,"regression 86",xyz,"2023-12-28 09:39:00",71,9,0,0,1,16,https://i.ytimg.com/vi/9sUmSBon4eA/default.jpg,FALSE,"AtmaKumar Rai"
9YCZccg4TFw,UUelMdQTQxlu2FKZeLoyd1Fw,"KNN 184",efgh,"2023-10-26 09:39:00",7,2,0,0,0,4873,https://i.ytimg.com/vi/9YCZccg4TFw/default.jpg,FALSE,"Hira Fuyu: Programming Garden"
a7Vx-j4XD00,UUsc5d398QFJY5V1DlVjXbiw,"KNN 253",abcd,"2022-02-07 09:39:00",73,3,0,0,0,6180,https://i.ytimg.com/vi/a7Vx-j4XD00/default.jpg,FALSE,"Succes Guide. in"
Aas55PY86Xg,UUXdZNHV74WIzwR07T3fy8qg,"RNN 115",uvw,"2022-01-01 09:39:00",1026,13,0,0,2,5715,https://i.ytimg.com/vi/Aas55PY86Xg/default.jpg,FALSE,ubinos
AbwN3dcAfgQ,UU8R30CRwke8YsBVFTZUiTsw,"RNN 38",uvw,"2022-05-15 09:39:00",59,8,0,0,0,2812,https://i.ytimg.com/vi/AbwN3dcAfgQ/default.jpg,FALSE,"AtmaKumar Rai"
Ad7SXeSdaT4,UUsc5d398QFJY5V1DlVjXbiw,"KNN 233",uvw,"2022-01-08 09:39:00",64,0,0,0,0,5803,https://i.ytimg.com/vi/Ad7SXeSdaT4/default.jpg,FALSE,"Robo Coding"
AEI5UvaOAOQ,UUxcgBmmSpcItHctBSTKUV4A,"KNN 116",qrst,"2023-07-16 09:39:00",82,6,0,0,0,3591,https://i.ytimg.com/vi/AEI5UvaOAOQ/default.jpg,FALSE,"AtmaKumar Rai"
AgkxEn3T6mM,UUxcgBmmSpcItHctBSTKUV4A,"regression 87",abcd,"2023-12-29 09:39:00",42,6,0,0,1,2836,https://i.ytimg.com/vi/AgkxEn3T6mM/default.jpg,FALSE,"AtmaKumar Rai"
Aj2vlXso3Hw,UUnjX8fylNvSKVSMuyTqshsQ,"regression 91",qrst,"2022-01-02 09:39:00",29,8,0,0,1,2630,https://i.ytimg.com/vi/Aj2vlXso3Hw/default.jpg,FALSE,"AtmaKumar Rai"
aKrWxYO_xH4,UU8R30CRwke8YsBVFTZUiTsw,"RNN 48",abcd,"2022-06-14 09:39:00",157,14,0,0,0,3189,https://i.ytimg.com/vi/aKrWxYO_xH4/default.jpg,FALSE,"AtmaKumar Rai"
Anvgiq9GwC8,UUsc5d398QFJY5V1DlVjXbiw,"KNN 93",uvw,"2023-06-12 09:39:00",154,13,0,0,0,3164,https://i.ytimg.com/vi/Anvgiq9GwC8/default.jpg,FALSE,"AtmaKumar Rai"
aoq459UcKGM,UUelMdQTQxlu2FKZeLoyd1Fw,"regression 9",xyz,"2023-10-12 09:39:00",758,17,0,0,0,25,https://i.ytimg.com/vi/aoq459UcKGM/default.jpg,FALSE,"Arunkumar Bairavan"
AP_wDLHByQc,UUnjX8fylNvSKVSMuyTqshsQ,"KNN 125",qrst,"2023-07-30 09:39:00",161,12,0,0,0,3767,https://i.ytimg.com/vi/AP_wDLHByQc/default.jpg,FALSE,"AtmaKumar Rai"
apxnnMrvBCk,UUxcgBmmSpcItHctBSTKUV4A,"RNN 82",qrst,"2022-09-24 09:39:00",11,2,0,0,0,4471,https://i.ytimg.com/vi/apxnnMrvBCk/default.jpg,FALSE,"Hira Fuyu: Programming Garden"
Ar_2kZ8oH-g,UUnjX8fylNvSKVSMuyTqshsQ,"KNN 32",qrst,"2022-03-12 09:39:00",30,5,0,0,0,2007,https://i.ytimg.com/vi/Ar_2kZ8oH-g/default.jpg,FALSE,"AtmaKumar Rai"
aUO3ZlfC6io,UUB6nMyokyG-Jx8VJgSrzC9g,"regression 74",efgh,"2023-12-16 09:39:00",47,3,0,0,0,283,https://i.ytimg.com/vi/aUO3ZlfC6io/default.jpg,FALSE,"AtmaKumar Rai"
AV8CS4Y6ux0,UUnjX8fylNvSKVSMuyTqshsQ,"RNN 120",xyz,"2022-01-16 09:39:00",17,1,0,0,1,5904,https://i.ytimg.com/vi/AV8CS4Y6ux0/default.jpg,FALSE,"Robo Coding"
AvqifjoknCo,UUc-djWbO6OWpgGd4BYCvAGA,"RNN 23",ijkl,"2023-03-31 09:39:00",118,15,0,0,0,2246,https://i.ytimg.com/vi/AvqifjoknCo/default.jpg,FALSE,"AtmaKumar Rai"
awr7TU3Kjtw,UUxcgBmmSpcItHctBSTKUV4A,"KNN 96",ijkl,"2022-06-16 09:39:00",246,15,0,0,0,3214,https://i.ytimg.com/vi/awr7TU3Kjtw/default.jpg,FALSE,"AtmaKumar Rai"
BdIFKveTCRI,UUW7bWQtTmHiyCGriEoRO86A,"KNN 170",efgh,"2022-10-05 09:39:00",13,4,0,0,2,4609,https://i.ytimg.com/vi/BdIFKveTCRI/default.jpg,FALSE,"Hira Fuyu: Programming Garden"
BdZjxzC6ZVc,UUW7bWQtTmHiyCGriEoRO86A,"KNN 30",efgh,"2023-03-09 09:39:00",71,9,0,0,0,1969,https://i.ytimg.com/vi/BdZjxzC6ZVc/default.jpg,FALSE,"AtmaKumar Rai"
Bhd-dj1oXqc,UUelMdQTQxlu2FKZeLoyd1Fw,"regression 79",xyz,"2023-12-21 09:39:00",64,10,0,0,1,390,https://i.ytimg.com/vi/Bhd-dj1oXqc/default.jpg,FALSE,"AtmaKumar Rai"
bhTKvFkR_2k,UUsc5d398QFJY5V1DlVjXbiw,"regression 53",efgh,"2023-11-25 09:39:00",214,38,0,0,0,202,https://i.ytimg.com/vi/bhTKvFkR_2k/default.jpg,FALSE,"AtmaKumar Rai"
BJ8YUCWiYc8,UU06rPr43Hz79M_jB_0OdkTQ,"RNN 77",mnop,"2022-09-09 09:39:00",141,7,0,0,1,4282,https://i.ytimg.com/vi/BJ8YUCWiYc8/default.jpg,FALSE,"AtmaKumar Rai"
blMwWa4vy8E,UUnjX8fylNvSKVSMuyTqshsQ,"RNN 20",abcd,"2023-03-22 09:39:00",110,7,0,0,1,2133,https://i.ytimg.com/vi/blMwWa4vy8E/default.jpg,FALSE,"AtmaKumar Rai"
bMW_GAXM9Fw,UUsc5d398QFJY5V1DlVjXbiw,"Python 4",xyz,"2022-01-04 09:39:00",52,6,0,0,0,2415,https://i.ytimg.com/vi/bMW_GAXM9Fw/default.jpg,FALSE,"AtmaKumar Rai"
bnbKct9IDGs,UUc-djWbO6OWpgGd4BYCvAGA,"regression 60",efgh,"2023-12-02 09:39:00",279,13,0,0,2,457,https://i.ytimg.com/vi/bnbKct9IDGs/default.jpg,FALSE,"AtmaKumar Rai"
bP6D2Xe3OTU,UUXdZNHV74WIzwR07T3fy8qg,"regression 36",uvw,"2023-11-08 09:39:00",70,11,0,0,1,214,https://i.ytimg.com/vi/bP6D2Xe3OTU/default.jpg,FALSE,"AtmaKumar Rai"
BsuBhtaeuNQ,UU8R30CRwke8YsBVFTZUiTsw,"RNN 108",uvw,"2023-12-11 09:39:00",130,0,0,0,0,5451,https://i.ytimg.com/vi/BsuBhtaeuNQ/default.jpg,FALSE,ubinos
bt30si5tsMc,UU06rPr43Hz79M_jB_0OdkTQ,"KNN 19",xyz,"2022-02-22 09:39:00",47,4,0,0,0,1768,https://i.ytimg.com/vi/bt30si5tsMc/default.jpg,FALSE,"AtmaKumar Rai"
bV4M_p0Oyjk,UUB6nMyokyG-Jx8VJgSrzC9g,"RNN 1",xyz,"2022-01-25 09:39:00",15,3,0,0,0,1416,https://i.ytimg.com/vi/bV4M_p0Oyjk/default.jpg,FALSE,"AtmaKumar Rai"
bx5XHbXgR6s,UUc-djWbO6OWpgGd4BYCvAGA,"KNN 51",uvw,"2022-04-10 09:39:00",60,7,0,0,4,2372,https://i.ytimg.com/vi/bx5XHbXgR6s/default.jpg,FALSE,"AtmaKumar Rai"
c8ffpGGUIEU,UUsc5d398QFJY5V1DlVjXbiw,"KNN 80",xyz,"2022-05-23 09:39:00",109,14,0,0,0,2912,https://i.ytimg.com/vi/c8ffpGGUIEU/default.jpg,FALSE,"AtmaKumar Rai"
cbxZZVYf4mI,UUW7bWQtTmHiyCGriEoRO86A,"RNN 79",ijkl,"2023-09-15 09:39:00",128,10,0,0,1,4358,https://i.ytimg.com/vi/cbxZZVYf4mI/default.jpg,FALSE,"AtmaKumar Rai"
Cn2vpGPYSwc,UUW7bWQtTmHiyCGriEoRO86A,"RNN 109",efgh,"2023-12-14 09:39:00",89,0,0,0,0,5489,https://i.ytimg.com/vi/Cn2vpGPYSwc/default.jpg,FALSE,ubinos
CuOSsMQaySI,UUelMdQTQxlu2FKZeLoyd1Fw,"KNN 17",mnop,"2022-02-19 09:39:00",45,9,0,0,0,1731,https://i.ytimg.com/vi/CuOSsMQaySI/default.jpg,FALSE,"AtmaKumar Rai"
Cz23VxGveWM,UUelMdQTQxlu2FKZeLoyd1Fw,"regression 19",ijkl,"2023-10-22 09:39:00",1976,65,0,0,15,2853,https://i.ytimg.com/vi/Cz23VxGveWM/default.jpg,FALSE,"Arunkumar Bairavan"
D23UGMhu2mY,UUXdZNHV74WIzwR07T3fy8qg,"KNN 42",uvw,"2023-03-27 09:39:00",142,16,0,0,6,2196,https://i.ytimg.com/vi/D23UGMhu2mY/default.jpg,FALSE,"AtmaKumar Rai"
DIMXTZQwldQ,UUXdZNHV74WIzwR07T3fy8qg,"KNN 215",xyz,"2023-12-12 09:39:00",54,1,0,0,0,5464,https://i.ytimg.com/vi/DIMXTZQwldQ/default.jpg,FALSE,ubinos
DJv5C6XaFlM,UUB6nMyokyG-Jx8VJgSrzC9g,"RNN 61",qrst,"2023-07-23 09:39:00",102,5,0,0,0,3679,https://i.ytimg.com/vi/DJv5C6XaFlM/default.jpg,FALSE,"AtmaKumar Rai"
dNBP4Kr91sA,UUnjX8fylNvSKVSMuyTqshsQ,"KNN 85",abcd,"2023-05-31 09:39:00",186,14,0,0,0,3013,https://i.ytimg.com/vi/dNBP4Kr91sA/default.jpg,FALSE,"AtmaKumar Rai"
dvyfQFdeL7U,UU06rPr43Hz79M_jB_0OdkTQ,"KNN 186",qrst,"2023-10-29 09:39:00",36,9,0,0,2,4911,https://i.ytimg.com/vi/dvyfQFdeL7U/default.jpg,FALSE,"Hira Fuyu: Programming Garden"
DxWvamjOBB4,UUc-djWbO6OWpgGd4BYCvAGA,"RNN 123",efgh,"2022-01-25 09:39:00",10,1,0,0,0,6017,https://i.ytimg.com/vi/DxWvamjOBB4/default.jpg,FALSE,"Cosmo Coding"
dYCZce5Q3Wg,UUsc5d398QFJY5V1DlVjXbiw,"regression 43",uvw,"2023-11-15 09:39:00",45,8,0,0,0,50,https://i.ytimg.com/vi/dYCZce5Q3Wg/default.jpg,FALSE,"AtmaKumar Rai"
dZh4YMHQAJQ,UUB6nMyokyG-Jx8VJgSrzC9g,"RNN 41",abcd,"2022-05-24 09:39:00",75,6,0,0,0,2925,https://i.ytimg.com/vi/dZh4YMHQAJQ/default.jpg,FALSE,"AtmaKumar Rai"
DzmefPfC24c,UUnjX8fylNvSKVSMuyTqshsQ,"regression 1",uvw,"2023-10-04 09:39:00",1197,20,0,0,29,338,https://i.ytimg.com/vi/DzmefPfC24c/default.jpg,FALSE,"Arunkumar Bairavan"
E5lrz40GzQo,UUW7bWQtTmHiyCGriEoRO86A,"KNN 130",qrst,"2022-08-06 09:39:00",184,15,0,0,9,3855,https://i.ytimg.com/vi/E5lrz40GzQo/default.jpg,FALSE,"AtmaKumar Rai"
e6kkhCTvwhU,UUB6nMyokyG-Jx8VJgSrzC9g,"regression 24",abcd,"2023-10-27 09:39:00",674,31,0,0,3,16,https://i.ytimg.com/vi/e6kkhCTvwhU/default.jpg,FALSE,"Arunkumar Bairavan"
eaJjFROMlQU,UUW7bWQtTmHiyCGriEoRO86A,"python 2",qrst,"2022-01-09 09:39:00",46,8,0,0,0,1215,https://i.ytimg.com/vi/eaJjFROMlQU/default.jpg,FALSE,"AtmaKumar Rai"
EChhK3nheKg,UUnjX8fylNvSKVSMuyTqshsQ,"KNN 225",abcd,"2022-12-27 09:39:00",101,0,0,0,0,5652,https://i.ytimg.com/vi/EChhK3nheKg/default.jpg,FALSE,ubinos
eCWBiw-RunA,UUxcgBmmSpcItHctBSTKUV4A,"KNN 56",uvw,"2022-04-17 09:39:00",32,5,0,0,0,2460,https://i.ytimg.com/vi/eCWBiw-RunA/default.jpg,FALSE,"AtmaKumar Rai"
ed5v4aPboeI,UUelMdQTQxlu2FKZeLoyd1Fw,"KNN 177",uvw,"2022-10-16 09:39:00",9,2,0,0,0,4747,https://i.ytimg.com/vi/ed5v4aPboeI/default.jpg,FALSE,"Hira Fuyu: Programming Garden"
eFrkvhUgfbg,UUW7bWQtTmHiyCGriEoRO86A,"KNN 243",xyz,"2022-01-23 09:39:00",39,1,0,0,0,5992,https://i.ytimg.com/vi/eFrkvhUgfbg/default.jpg,FALSE,"Cosmo Coding"
Emk1HpwY_2Y,UU8R30CRwke8YsBVFTZUiTsw,"KNN 141",abcd,"2023-08-23 09:39:00",119,12,0,0,3,4069,https://i.ytimg.com/vi/Emk1HpwY_2Y/default.jpg,FALSE,"AtmaKumar Rai"
eNzL2wUdbN4,UU8R30CRwke8YsBVFTZUiTsw,"RNN 18",efgh,"2022-03-16 09:39:00",30,2,0,0,0,2057,https://i.ytimg.com/vi/eNzL2wUdbN4/default.jpg,FALSE,"AtmaKumar Rai"
EsGzAoJFlaw,UUnjX8fylNvSKVSMuyTqshsQ,"RNN 30",ijkl,"2022-04-21 09:39:00",183,13,0,0,0,2510,https://i.ytimg.com/vi/EsGzAoJFlaw/default.jpg,FALSE,"AtmaKumar Rai"
euVFa1JmKqg,UUnjX8fylNvSKVSMuyTqshsQ,"KNN 152",ijkl,"2022-09-08 09:39:00",95,5,0,0,0,4270,https://i.ytimg.com/vi/euVFa1JmKqg/default.jpg,FALSE,"AtmaKumar Rai"
EVVM2sMlTXw,UU8R30CRwke8YsBVFTZUiTsw,"regression 35",qrst,"2023-11-07 09:39:00",19,4,0,0,0,173,https://i.ytimg.com/vi/EVVM2sMlTXw/default.jpg,FALSE,"AtmaKumar Rai"
exNoN7fP6CY,UU8R30CRwke8YsBVFTZUiTsw,"KNN 121",uvw,"2023-07-24 09:39:00",129,8,0,0,0,3692,https://i.ytimg.com/vi/exNoN7fP6CY/default.jpg,FALSE,"AtmaKumar Rai"
f3VLkIyQE6Q,UUXdZNHV74WIzwR07T3fy8qg,"RNN 55",abcd,"2022-07-05 09:39:00",46,8,0,0,0,3453,https://i.ytimg.com/vi/f3VLkIyQE6Q/default.jpg,FALSE,"AtmaKumar Rai"
f4_ACxjHoCs,UUsc5d398QFJY5V1DlVjXbiw,"regression 4",ijkl,"2023-01-14 09:39:00",44,6,0,0,0,1278,https://i.ytimg.com/vi/f4_ACxjHoCs/default.jpg,FALSE,"AtmaKumar Rai"
F5nmRA0BONc,UUelMdQTQxlu2FKZeLoyd1Fw,"RNN 66",uvw,"2022-08-07 09:39:00",235,10,0,0,0,3868,https://i.ytimg.com/vi/F5nmRA0BONc/default.jpg,FALSE,"AtmaKumar Rai"
f7gZUOlSuek,UUXdZNHV74WIzwR07T3fy8qg,"regression 1",uvw,"2022-01-17 09:39:00",59,15,0,0,0,1316,https://i.ytimg.com/vi/f7gZUOlSuek/default.jpg,FALSE,"AtmaKumar Rai"
Fbv_YpM6BwI,UU06rPr43Hz79M_jB_0OdkTQ,"KNN 39",efgh,"2023-03-23 09:39:00",32,2,0,0,0,2145,https://i.ytimg.com/vi/Fbv_YpM6BwI/default.jpg,FALSE,"AtmaKumar Rai"
fCrYuCZcm6U,UUW7bWQtTmHiyCGriEoRO86A,"RNN 119",mnop,"2022-01-13 09:39:00",12,0,0,0,1,5866,https://i.ytimg.com/vi/fCrYuCZcm6U/default.jpg,FALSE,"Robo Coding"
fEL0LlEvmCI,UUB6nMyokyG-Jx8VJgSrzC9g,"RNN 121",ijkl,"2022-01-19 09:39:00",15922,94,0,0,10,5942,https://i.ytimg.com/vi/fEL0LlEvmCI/default.jpg,FALSE,"Robo Coding"
fFWjJyXkZjQ,UUc-djWbO6OWpgGd4BYCvAGA,"regression 80",abcd,"2023-12-22 09:39:00",41,12,0,0,0,1796,https://i.ytimg.com/vi/fFWjJyXkZjQ/default.jpg,FALSE,"AtmaKumar Rai"
fPvGz9x3H-U,UU8R30CRwke8YsBVFTZUiTsw,"KNN 1",abcd,"2022-01-26 09:39:00",31,4,0,0,0,1429,https://i.ytimg.com/vi/fPvGz9x3H-U/default.jpg,FALSE,"AtmaKumar Rai"
Frmp2YSCK1M,UUelMdQTQxlu2FKZeLoyd1Fw,"KNN 104",abcd,"2023-06-28 09:39:00",652,27,0,0,1,3365,https://i.ytimg.com/vi/Frmp2YSCK1M/default.jpg,FALSE,"AtmaKumar Rai"
fw0jJo18KLo,UUsc5d398QFJY5V1DlVjXbiw,"RNN 14",mnop,"2023-03-04 09:39:00",74,6,0,0,0,1907,https://i.ytimg.com/vi/fw0jJo18KLo/default.jpg,FALSE,"AtmaKumar Rai"
Fx0toHRkKP8,UUnjX8fylNvSKVSMuyTqshsQ,"RNN 90",abcd,"2022-10-18 09:39:00",66,3,0,0,0,4773,https://i.ytimg.com/vi/Fx0toHRkKP8/default.jpg,FALSE,"Hira Fuyu: Programming Garden"
FXlFqCfmwE8,UUW7bWQtTmHiyCGriEoRO86A,"RNN 49",mnop,"2022-06-17 09:39:00",369,19,0,0,0,3226,https://i.ytimg.com/vi/FXlFqCfmwE8/default.jpg,FALSE,"AtmaKumar Rai"
fyQTHfpLjI4,UUc-djWbO6OWpgGd4BYCvAGA,"regression 40",ijkl,"2023-11-12 09:39:00",38,4,0,0,0,280,https://i.ytimg.com/vi/fyQTHfpLjI4/default.jpg,FALSE,"AtmaKumar Rai"
g0VJBxUG4mI,UUelMdQTQxlu2FKZeLoyd1Fw,"RNN 56",mnop,"2022-07-08 09:39:00",67,10,0,0,0,3490,https://i.ytimg.com/vi/g0VJBxUG4mI/default.jpg,FALSE,"AtmaKumar Rai"
G2kNxKjWkm4,UU06rPr43Hz79M_jB_0OdkTQ,"regression 82",ijkl,"2023-12-24 09:39:00",591,25,0,0,6,363,https://i.ytimg.com/vi/G2kNxKjWkm4/default.jpg,FALSE,"AtmaKumar Rai"
G99DIw1Bb-k,UUelMdQTQxlu2FKZeLoyd1Fw,"RNN 16",ijkl,"2023-03-10 09:39:00",123,14,0,0,0,1982,https://i.ytimg.com/vi/G99DIw1Bb-k/default.jpg,FALSE,"AtmaKumar Rai"
G9NXrh9wyeE,UUW7bWQtTmHiyCGriEoRO86A,"KNN 163",uvw,"2022-09-25 09:39:00",34,0,0,0,0,4483,https://i.ytimg.com/vi/G9NXrh9wyeE/default.jpg,FALSE,"Hira Fuyu: Programming Garden"
gB5NVpltU3c,UUB6nMyokyG-Jx8VJgSrzC9g,"KNN 27",qrst,"2023-03-05 09:39:00",83,8,0,0,0,1919,https://i.ytimg.com/vi/gB5NVpltU3c/default.jpg,FALSE,"AtmaKumar Rai"
GK9nctmTvX0,UUelMdQTQxlu2FKZeLoyd1Fw,"KNN 57",abcd,"2023-04-19 09:39:00",45,4,0,0,0,2485,https://i.ytimg.com/vi/GK9nctmTvX0/default.jpg,FALSE,"AtmaKumar Rai"
GmWayVw5GN4,UUnjX8fylNvSKVSMuyTqshsQ,"KNN 92",mnop,"2023-06-10 09:39:00",203,16,0,0,2,3138,https://i.ytimg.com/vi/GmWayVw5GN4/default.jpg,FALSE,"AtmaKumar Rai"
gNsqwPPVQ_I,UUsc5d398QFJY5V1DlVjXbiw,"RNN 74",efgh,"2023-08-31 09:39:00",58,6,0,0,4,4169,https://i.ytimg.com/vi/gNsqwPPVQ_I/default.jpg,FALSE,"AtmaKumar Rai"
Gr6VsAcoZFM,UU06rPr43Hz79M_jB_0OdkTQ,"regression 72",xyz,"2023-12-14 09:39:00",23,4,0,0,0,847,https://i.ytimg.com/vi/Gr6VsAcoZFM/default.jpg,FALSE,"AtmaKumar Rai"
GVqWj8oec3c,UUXdZNHV74WIzwR07T3fy8qg,"KNN 95",efgh,"2022-06-15 09:39:00",59,6,0,0,0,3201,https://i.ytimg.com/vi/GVqWj8oec3c/default.jpg,FALSE,"AtmaKumar Rai"
Gy3Ap6VKLZk,UUelMdQTQxlu2FKZeLoyd1Fw,"KNN 124",ijkl,"2023-07-28 09:39:00",98,4,0,0,0,3742,https://i.ytimg.com/vi/Gy3Ap6VKLZk/default.jpg,FALSE,"AtmaKumar Rai"
gZ8sTCf-OuU,UUelMdQTQxlu2FKZeLoyd1Fw,"KNN 117",xyz,"2023-07-18 09:39:00",113,9,0,0,2,3616,https://i.ytimg.com/vi/gZ8sTCf-OuU/default.jpg,FALSE,"AtmaKumar Rai"
HbJGYv3DLzQ,UUxcgBmmSpcItHctBSTKUV4A,"KNN 156",efgh,"2023-09-14 09:39:00",504,25,0,0,8,4345,https://i.ytimg.com/vi/HbJGYv3DLzQ/default.jpg,FALSE,"AtmaKumar Rai"
HhE1HQmnEmM,UUelMdQTQxlu2FKZeLoyd1Fw,"KNN 84",uvw,"2023-05-29 09:39:00",124,16,0,0,1,2988,https://i.ytimg.com/vi/HhE1HQmnEmM/default.jpg,FALSE,"AtmaKumar Rai"
HHIs_p3ry9w,UU8R30CRwke8YsBVFTZUiTsw,"KNN 181",qrst,"2022-10-22 09:39:00",2277,14,0,0,0,4823,https://i.ytimg.com/vi/HHIs_p3ry9w/default.jpg,FALSE,"Hira Fuyu: Programming Garden"
hlU56LG3zc0,UU06rPr43Hz79M_jB_0OdkTQ,"RNN 47",qrst,"2023-06-11 09:39:00",325,20,0,0,0,3151,https://i.ytimg.com/vi/hlU56LG3zc0/default.jpg,FALSE,"AtmaKumar Rai"
hRXx93TILds,UU8R30CRwke8YsBVFTZUiTsw,"RNN 78",xyz,"2022-09-12 09:39:00",241,17,0,0,0,4320,https://i.ytimg.com/vi/hRXx93TILds/default.jpg,FALSE,"AtmaKumar Rai"
hSlWmvwblhM,UUB6nMyokyG-Jx8VJgSrzC9g,"KNN 107",uvw,"2022-07-03 09:39:00",343,26,0,0,2,3428,https://i.ytimg.com/vi/hSlWmvwblhM/default.jpg,FALSE,"AtmaKumar Rai"
I3TOrWDjNx4,UUB6nMyokyG-Jx8VJgSrzC9g,"RNN 91",mnop,"2022-10-21 09:39:00",20,4,0,0,0,4810,https://i.ytimg.com/vi/I3TOrWDjNx4/default.jpg,FALSE,"Hira Fuyu: Programming Garden"
i5le_HyTflM,UUc-djWbO6OWpgGd4BYCvAGA,"regression 20",mnop,"2023-10-23 09:39:00",1251,32,0,0,0,107,https://i.ytimg.com/vi/i5le_HyTflM/default.jpg,FALSE,"Arunkumar Bairavan"
I81oCrjvhmk,UUW7bWQtTmHiyCGriEoRO86A,"KNN 123",efgh,"2023-07-27 09:39:00",113,7,0,0,2,3729,https://i.ytimg.com/vi/I81oCrjvhmk/default.jpg,FALSE,"AtmaKumar Rai"
I8638RCf7l8,UUc-djWbO6OWpgGd4BYCvAGA,"RNN 53",efgh,"2022-06-29 09:39:00",66,4,0,0,0,3377,https://i.ytimg.com/vi/I8638RCf7l8/default.jpg,FALSE,"AtmaKumar Rai"
IbbA-EJzVTY,UUW7bWQtTmHiyCGriEoRO86A,"RNN 39",efgh,"2022-05-18 09:39:00",89,5,0,0,0,2849,https://i.ytimg.com/vi/IbbA-EJzVTY/default.jpg,FALSE,"AtmaKumar Rai"
idrS1dBBVQ8,UUW7bWQtTmHiyCGriEoRO86A,"RNN 69",abcd,"2022-08-16 09:39:00",99,10,0,0,6,3981,https://i.ytimg.com/vi/idrS1dBBVQ8/default.jpg,FALSE,"AtmaKumar Rai"
IFG8ByIcdEk,UUsc5d398QFJY5V1DlVjXbiw,"regression 13",mnop,"2023-10-16 09:39:00",78,13,0,0,0,75,https://i.ytimg.com/vi/IFG8ByIcdEk/default.jpg,FALSE,"Arunkumar Bairavan"
Ig2l5BYJr8s,UU06rPr43Hz79M_jB_0OdkTQ,"RNN 117",qrst,"2022-01-07 09:39:00",16,0,0,0,0,5791,https://i.ytimg.com/vi/Ig2l5BYJr8s/default.jpg,FALSE,"Robo Coding"
IG9WnxCX9Lo,UUsc5d398QFJY5V1DlVjXbiw,"KNN 220",xyz,"2022-12-19 09:39:00",52,0,0,0,0,5552,https://i.ytimg.com/vi/IG9WnxCX9Lo/default.jpg,FALSE,ubinos
IhW_2TJef2Q,UUelMdQTQxlu2FKZeLoyd1Fw,"KNN 144",qrst,"2023-08-27 09:39:00",115,9,0,0,0,4119,https://i.ytimg.com/vi/IhW_2TJef2Q/default.jpg,FALSE,"AtmaKumar Rai"
iKjKbieLv1k,UUc-djWbO6OWpgGd4BYCvAGA,"KNN 18",qrst,"2022-02-20 09:39:00",26,2,0,0,0,1743,https://i.ytimg.com/vi/iKjKbieLv1k/default.jpg,FALSE,"AtmaKumar Rai"
ilfpwTjTkuU,UUc-djWbO6OWpgGd4BYCvAGA,"KNN 171",mnop,"2022-10-07 09:39:00",247,4,0,0,0,4634,https://i.ytimg.com/vi/ilfpwTjTkuU/default.jpg,FALSE,"Hira Fuyu: Programming Garden"
IlLC3RFXvVA,UUc-djWbO6OWpgGd4BYCvAGA,"KNN 131",xyz,"2022-08-08 09:39:00",73,13,0,0,5,3880,https://i.ytimg.com/vi/IlLC3RFXvVA/default.jpg,FALSE,"AtmaKumar Rai"
Im_2Tt8w4So,UU06rPr43Hz79M_jB_0OdkTQ,"KNN 46",qrst,"2023-04-02 09:39:00",108,7,0,0,2,2271,https://i.ytimg.com/vi/Im_2Tt8w4So/default.jpg,FALSE,"AtmaKumar Rai"
IMuALWnssMs,UUnjX8fylNvSKVSMuyTqshsQ,"KNN 52",xyz,"2022-04-11 09:39:00",131,8,0,0,0,2384,https://i.ytimg.com/vi/IMuALWnssMs/default.jpg,FALSE,"AtmaKumar Rai"
inHlsM-Onzc,UUW7bWQtTmHiyCGriEoRO86A,"regression 28",qrst,"2023-10-31 09:39:00",184,21,0,0,0,48,https://i.ytimg.com/vi/inHlsM-Onzc/default.jpg,FALSE,"Arunkumar Bairavan"
IojGo_IxQhE,UUc-djWbO6OWpgGd4BYCvAGA,"KNN 251",qrst,"2022-02-04 09:39:00",21,2,0,0,0,6143,https://i.ytimg.com/vi/IojGo_IxQhE/default.jpg,FALSE,"Cosmo Coding"
IQ_e541kcb8,UUB6nMyokyG-Jx8VJgSrzC9g,"KNN 47",xyz,"2023-04-04 09:39:00",73,10,0,0,0,2296,https://i.ytimg.com/vi/IQ_e541kcb8/default.jpg,FALSE,"AtmaKumar Rai"
iq-6pyfSHUE,UUW7bWQtTmHiyCGriEoRO86A,"regression 48",mnop,"2023-11-20 09:39:00",71,10,0,0,0,34,https://i.ytimg.com/vi/iq-6pyfSHUE/default.jpg,FALSE,"AtmaKumar Rai"
iqoW9SXwB9I,UUW7bWQtTmHiyCGriEoRO86A,"Decision tree classification 01",abcd,"2022-01-19 09:39:00",18,4,0,0,0,1341,https://i.ytimg.com/vi/iqoW9SXwB9I/default.jpg,FALSE,"AtmaKumar Rai"
iteh5C0jRK8,UU8R30CRwke8YsBVFTZUiTsw,"RNN 68",qrst,"2022-08-13 09:39:00",370,27,0,0,0,3943,https://i.ytimg.com/vi/iteh5C0jRK8/default.jpg,FALSE,"AtmaKumar Rai"
IvZjbTe-aHM,UUnjX8fylNvSKVSMuyTqshsQ,"KNN 72",efgh,"2022-05-11 09:39:00",110,6,0,0,0,2761,https://i.ytimg.com/vi/IvZjbTe-aHM/default.jpg,FALSE,"AtmaKumar Rai"
iwkAn-2DHlA,UUB6nMyokyG-Jx8VJgSrzC9g,"KNN 134",mnop,"2022-08-12 09:39:00",145,9,0,0,0,3930,https://i.ytimg.com/vi/iwkAn-2DHlA/default.jpg,FALSE,"AtmaKumar Rai"
izJDOpaou4Q,UUXdZNHV74WIzwR07T3fy8qg,"KNN 222",ijkl,"2022-12-22 09:39:00",90,0,0,0,0,5590,https://i.ytimg.com/vi/izJDOpaou4Q/default.jpg,FALSE,ubinos
j02BNyjguMg,UU8R30CRwke8YsBVFTZUiTsw,"KNN 48",abcd,"2023-04-05 09:39:00",141,12,0,0,0,2309,https://i.ytimg.com/vi/j02BNyjguMg/default.jpg,FALSE,"AtmaKumar Rai"
J2XLPWNDDU8,UUc-djWbO6OWpgGd4BYCvAGA,"KNN 98",uvw,"2023-06-19 09:39:00",487,27,0,0,1,3252,https://i.ytimg.com/vi/J2XLPWNDDU8/default.jpg,FALSE,"AtmaKumar Rai"
JCHX7YUkJcQ,UUsc5d398QFJY5V1DlVjXbiw,"regression 3",abcd,"2023-10-06 09:39:00",195,13,0,0,0,28,https://i.ytimg.com/vi/JCHX7YUkJcQ/default.jpg,FALSE,"Arunkumar Bairavan"
JdwNaM-BpIE,UUB6nMyokyG-Jx8VJgSrzC9g,"regression 54",ijkl,"2023-11-26 09:39:00",335,48,0,0,0,163,https://i.ytimg.com/vi/JdwNaM-BpIE/default.jpg,FALSE,"AtmaKumar Rai"
jEO_15pG6Vg,UUsc5d398QFJY5V1DlVjXbiw,"KNN 53",efgh,"2022-04-13 09:39:00",65,11,0,0,0,2409,https://i.ytimg.com/vi/jEO_15pG6Vg/default.jpg,FALSE,"AtmaKumar Rai"
jGnPTUYYbQA,UUB6nMyokyG-Jx8VJgSrzC9g,"regression 44",xyz,"2023-11-16 09:39:00",32,8,0,0,0,47,https://i.ytimg.com/vi/jGnPTUYYbQA/default.jpg,FALSE,"AtmaKumar Rai"
JIaFGbm_Ikc,UUxcgBmmSpcItHctBSTKUV4A,"RNN 92",xyz,"2022-10-24 09:39:00",19,3,0,0,1,4848,https://i.ytimg.com/vi/JIaFGbm_Ikc/default.jpg,FALSE,"Hira Fuyu: Programming Garden"
jJ0MKQw_mz0,UU8R30CRwke8YsBVFTZUiTsw,"KNN 161",ijkl,"2022-09-22 09:39:00",6,0,0,0,0,4446,https://i.ytimg.com/vi/jJ0MKQw_mz0/default.jpg,FALSE,"Hira Fuyu: Programming Garden"
jlZwzsIF1y4,UUxcgBmmSpcItHctBSTKUV4A,"RNN 42",mnop,"2023-05-27 09:39:00",127,14,0,0,0,2962,https://i.ytimg.com/vi/jlZwzsIF1y4/default.jpg,FALSE,"AtmaKumar Rai"
jQl05nTKyWc,UUxcgBmmSpcItHctBSTKUV4A,"regression 67",efgh,"2023-12-09 09:39:00",28,1,0,0,0,904,https://i.ytimg.com/vi/jQl05nTKyWc/default.jpg,FALSE,"AtmaKumar Rai"
JUwUUKRT0i0,UUelMdQTQxlu2FKZeLoyd1Fw,"RNN 46",efgh,"2023-06-08 09:39:00",196,13,0,0,0,3113,https://i.ytimg.com/vi/JUwUUKRT0i0/default.jpg,FALSE,"AtmaKumar Rai"
jW5LMtG78qI,UU8R30CRwke8YsBVFTZUiTsw,"KNN 248",xyz,"2022-01-30 09:39:00",24,2,0,0,0,6080,https://i.ytimg.com/vi/jW5LMtG78qI/default.jpg,FALSE,"Cosmo Coding"
jX9jmQRDuno,UUB6nMyokyG-Jx8VJgSrzC9g,"regression 3",mnop,"2023-01-15 09:39:00",17,2,0,0,0,1291,https://i.ytimg.com/vi/jX9jmQRDuno/default.jpg,FALSE,"AtmaKumar Rai"
k1-WNL9Gr-w,UUnjX8fylNvSKVSMuyTqshsQ,"KNN 65",uvw,"2023-05-01 09:39:00",266,16,0,0,0,2636,https://i.ytimg.com/vi/k1-WNL9Gr-w/default.jpg,FALSE,"AtmaKumar Rai"
K1GiIgMw6mI,UUelMdQTQxlu2FKZeLoyd1Fw,"RNN 126",mnop,"2022-02-03 09:39:00",26409,199,0,0,16,6130,https://i.ytimg.com/vi/K1GiIgMw6mI/default.jpg,FALSE,"Cosmo Coding"
K8NV6bHwiYc,UUsc5d398QFJY5V1DlVjXbiw,"KNN 173",xyz,"2022-10-10 09:39:00",32,3,0,0,0,4672,https://i.ytimg.com/vi/K8NV6bHwiYc/default.jpg,FALSE,"Hira Fuyu: Programming Garden"
KABQ0vm8DGU,UUnjX8fylNvSKVSMuyTqshsQ,"RNN 80",uvw,"2022-09-18 09:39:00",281,25,0,0,1,4395,https://i.ytimg.com/vi/KABQ0vm8DGU/default.jpg,FALSE,"AtmaKumar Rai"
kar2LvLH9PI,UUc-djWbO6OWpgGd4BYCvAGA,"KNN 78",mnop,"2022-05-20 09:39:00",79,10,0,0,2,2874,https://i.ytimg.com/vi/kar2LvLH9PI/default.jpg,FALSE,"AtmaKumar Rai"
KevIgRsHlcw,UU06rPr43Hz79M_jB_0OdkTQ,"RNN 27",abcd,"2022-04-12 09:39:00",132,9,0,0,0,2397,https://i.ytimg.com/vi/KevIgRsHlcw/default.jpg,FALSE,"AtmaKumar Rai"
klR5CskPidQ,UUW7bWQtTmHiyCGriEoRO86A,"KNN 63",ijkl,"2022-04-28 09:39:00",179,9,0,0,0,2598,https://i.ytimg.com/vi/klR5CskPidQ/default.jpg,FALSE,"AtmaKumar Rai"
Km1rkFDdSEQ,UU8R30CRwke8YsBVFTZUiTsw,"regression 2",qrst,"2023-01-16 09:39:00",19,5,0,0,0,1303,https://i.ytimg.com/vi/Km1rkFDdSEQ/default.jpg,FALSE,"AtmaKumar Rai"
kna7Bg1kFRk,UUnjX8fylNvSKVSMuyTqshsQ,"KNN 252",uvw,"2022-02-05 09:39:00",78,1,0,0,1,6155,https://i.ytimg.com/vi/kna7Bg1kFRk/default.jpg,FALSE,"Padmanabhan M"
koSq7ZkYerQ,UU06rPr43Hz79M_jB_0OdkTQ,"RNN 57",xyz,"2023-07-11 09:39:00",71,8,0,0,0,3528,https://i.ytimg.com/vi/koSq7ZkYerQ/default.jpg,FALSE,"AtmaKumar Rai"
KrK9H6kiQlI,UU8R30CRwke8YsBVFTZUiTsw,"KNN 21",ijkl,"2022-02-25 09:39:00",42,2,0,0,2,1806,https://i.ytimg.com/vi/KrK9H6kiQlI/default.jpg,FALSE,"AtmaKumar Rai"
KxnIFDf4w90,UUW7bWQtTmHiyCGriEoRO86A,"KNN 43",abcd,"2023-03-29 09:39:00",126,13,0,0,0,2221,https://i.ytimg.com/vi/KxnIFDf4w90/default.jpg,FALSE,"AtmaKumar Rai"
L7mu0eI_i0c,UUxcgBmmSpcItHctBSTKUV4A,"RNN 52",uvw,"2023-06-26 09:39:00",75,4,0,0,0,3340,https://i.ytimg.com/vi/L7mu0eI_i0c/default.jpg,FALSE,"AtmaKumar Rai"
LATqpP2j2-k,UUW7bWQtTmHiyCGriEoRO86A,"KNN 83",qrst,"2023-05-28 09:39:00",102,7,0,0,0,2975,https://i.ytimg.com/vi/LATqpP2j2-k/default.jpg,FALSE,"AtmaKumar Rai"
LgOGVuaMKUM,UUelMdQTQxlu2FKZeLoyd1Fw,"KNN 237",qrst,"2022-01-14 09:39:00",127,3,0,0,1,5879,https://i.ytimg.com/vi/LgOGVuaMKUM/default.jpg,FALSE,"Robo Coding"
lhJcmNvEKb8,UU8R30CRwke8YsBVFTZUiTsw,"regression 45",abcd,"2023-11-17 09:39:00",29,2,0,0,0,54,https://i.ytimg.com/vi/lhJcmNvEKb8/default.jpg,FALSE,"AtmaKumar Rai"
Ll-PBGeMZ6I,UUW7bWQtTmHiyCGriEoRO86A,"KNN 250",ijkl,"2022-02-02 09:39:00",2357,13,0,0,0,6118,https://i.ytimg.com/vi/Ll-PBGeMZ6I/default.jpg,FALSE,"Cosmo Coding"
Lmp-YEJoBmY,UUc-djWbO6OWpgGd4BYCvAGA,"RNN 3",uvw,"2022-01-31 09:39:00",46,9,0,0,0,1492,https://i.ytimg.com/vi/Lmp-YEJoBmY/default.jpg,FALSE,"AtmaKumar Rai"
Losi4jR7IHw,UU06rPr43Hz79M_jB_0OdkTQ,"Deep Learning Project Dog vs Cat 1",qrst,"2023-01-23 09:39:00",57,7,0,0,0,1391,https://i.ytimg.com/vi/Losi4jR7IHw/default.jpg,FALSE,"AtmaKumar Rai"
LsdOP9YuzWM,UUelMdQTQxlu2FKZeLoyd1Fw,"regression 49",qrst,"2023-11-21 09:39:00",404,48,0,0,4,1836,https://i.ytimg.com/vi/LsdOP9YuzWM/default.jpg,FALSE,"AtmaKumar Rai"
lsYYGTznyPc,UUXdZNHV74WIzwR07T3fy8qg,"RNN 75",qrst,"2022-09-03 09:39:00",66,9,0,0,0,4207,https://i.ytimg.com/vi/lsYYGTznyPc/default.jpg,FALSE,"AtmaKumar Rai"
LTvi-tAnRRQ,UUXdZNHV74WIzwR07T3fy8qg,"regression 66",abcd,"2023-12-08 09:39:00",48,3,0,0,0,257,https://i.ytimg.com/vi/LTvi-tAnRRQ/default.jpg,FALSE,"AtmaKumar Rai"
Lv-iPypIpSs,UUxcgBmmSpcItHctBSTKUV4A,"KNN 249",efgh,"2022-02-01 09:39:00",68,0,0,0,0,6105,https://i.ytimg.com/vi/Lv-iPypIpSs/default.jpg,FALSE,"Cosmo Coding"
lvcUtWPqzc0,UUB6nMyokyG-Jx8VJgSrzC9g,"KNN 87",mnop,"2023-06-03 09:39:00",171,11,0,0,0,3050,https://i.ytimg.com/vi/lvcUtWPqzc0/default.jpg,FALSE,"AtmaKumar Rai"
m_8mt98my_Y,UUnjX8fylNvSKVSMuyTqshsQ,"regression 71",uvw,"2023-12-13 09:39:00",18,3,0,0,0,1450,https://i.ytimg.com/vi/m_8mt98my_Y/default.jpg,FALSE,"AtmaKumar Rai"
M0xPIqsI4fU,UUXdZNHV74WIzwR07T3fy8qg,"KNN 55",qrst,"2022-04-16 09:39:00",63,8,0,0,0,2447,https://i.ytimg.com/vi/M0xPIqsI4fU/default.jpg,FALSE,"AtmaKumar Rai"
M6MBMAW7lQA,UU8R30CRwke8YsBVFTZUiTsw,"RNN 128",ijkl,"2022-02-09 09:39:00",15,3,0,0,1,6206,https://i.ytimg.com/vi/M6MBMAW7lQA/default.jpg,FALSE,"Succes Guide. in"
m7iZ79ag4-4,UUW7bWQtTmHiyCGriEoRO86A,"KNN 223",qrst,"2022-12-24 09:39:00",4581,19,0,0,1,5615,https://i.ytimg.com/vi/m7iZ79ag4-4/default.jpg,FALSE,ubinos
M81ntudKoR4,UUc-djWbO6OWpgGd4BYCvAGA,"KNN 31",mnop,"2022-03-11 09:39:00",65,9,0,0,0,1995,https://i.ytimg.com/vi/M81ntudKoR4/default.jpg,FALSE,"AtmaKumar Rai"
M9fD6Sqt4i8,UUXdZNHV74WIzwR07T3fy8qg,"KNN 62",abcd,"2023-04-26 09:39:00",131,6,0,0,2,2573,https://i.ytimg.com/vi/M9fD6Sqt4i8/default.jpg,FALSE,"AtmaKumar Rai"
M9QqZ6FWw4M,UUxcgBmmSpcItHctBSTKUV4A,"RNN 122",uvw,"2022-01-22 09:39:00",9015,131,0,0,16,5979,https://i.ytimg.com/vi/M9QqZ6FWw4M/default.jpg,FALSE,"Cosmo Coding"
mdh9X2U4eDs,UUelMdQTQxlu2FKZeLoyd1Fw,"KNN 77",ijkl,"2022-05-19 09:39:00",113,10,0,0,0,2862,https://i.ytimg.com/vi/mdh9X2U4eDs/default.jpg,FALSE,"AtmaKumar Rai"
MdN4IYIyBUE,UUsc5d398QFJY5V1DlVjXbiw,"RNN 124",qrst,"2022-01-28 09:39:00",85,1,0,0,0,6055,https://i.ytimg.com/vi/MdN4IYIyBUE/default.jpg,FALSE,"Cosmo Coding"
mHblR2o_ck4,UUnjX8fylNvSKVSMuyTqshsQ,"RNN 70",mnop,"2022-08-19 09:39:00",675,25,0,0,3,4018,https://i.ytimg.com/vi/mHblR2o_ck4/default.jpg,FALSE,"AtmaKumar Rai"
MhYgVIIS8EM,UUxcgBmmSpcItHctBSTKUV4A,"RNN 2",ijkl,"2022-01-28 09:39:00",22,6,0,0,0,1454,https://i.ytimg.com/vi/MhYgVIIS8EM/default.jpg,FALSE,"AtmaKumar Rai"
MIbH5rUtzJU,UUB6nMyokyG-Jx8VJgSrzC9g,"KNN 94",xyz,"2022-06-13 09:39:00",58,3,0,0,0,3176,https://i.ytimg.com/vi/MIbH5rUtzJU/default.jpg,FALSE,"AtmaKumar Rai"
mifFD6KWXz4,UUsc5d398QFJY5V1DlVjXbiw,"RNN 24",uvw,"2023-04-03 09:39:00",46,10,0,0,0,2284,https://i.ytimg.com/vi/mifFD6KWXz4/default.jpg,FALSE,"AtmaKumar Rai"
mnbkkAnpShs,UUc-djWbO6OWpgGd4BYCvAGA,"regression 90",mnop,"2022-01-01 09:39:00",20,5,0,0,1,1858,https://i.ytimg.com/vi/mnbkkAnpShs/default.jpg,FALSE,"AtmaKumar Rai"
MQBKz25Mzug,UUB6nMyokyG-Jx8VJgSrzC9g,"RNN 11",efgh,"2022-02-24 09:39:00",93,5,0,0,2,1793,https://i.ytimg.com/vi/MQBKz25Mzug/default.jpg,FALSE,"AtmaKumar Rai"
mrlBdrOb_6s,UUnjX8fylNvSKVSMuyTqshsQ,"regression 61",ijkl,"2023-12-03 09:39:00",772,26,0,0,6,309,https://i.ytimg.com/vi/mrlBdrOb_6s/default.jpg,FALSE,"AtmaKumar Rai"
Mt-yDai0pic,UUB6nMyokyG-Jx8VJgSrzC9g,"KNN 234",xyz,"2022-01-09 09:39:00",102,2,0,0,0,5816,https://i.ytimg.com/vi/Mt-yDai0pic/default.jpg,FALSE,"Robo Coding"
MtDafKKxEDk,UUxcgBmmSpcItHctBSTKUV4A,"regression 17",abcd,"2023-10-20 09:39:00",509,51,0,0,13,442,https://i.ytimg.com/vi/MtDafKKxEDk/default.jpg,FALSE,"Arunkumar Bairavan"
mUyeB4b_wUA,UUxcgBmmSpcItHctBSTKUV4A,"KNN 169",abcd,"2023-10-04 09:39:00",26,2,0,0,0,4597,https://i.ytimg.com/vi/mUyeB4b_wUA/default.jpg,FALSE,"Hira Fuyu: Programming Garden"
mWNncKC1Wbc,UUsc5d398QFJY5V1DlVjXbiw,"regression 63",qrst,"2023-12-05 09:39:00",88,5,0,0,0,282,https://i.ytimg.com/vi/mWNncKC1Wbc/default.jpg,FALSE,"AtmaKumar Rai"
n5qV0vWBtzM,UU06rPr43Hz79M_jB_0OdkTQ,"KNN 119",ijkl,"2023-07-21 09:39:00",129,16,0,0,1,3654,https://i.ytimg.com/vi/n5qV0vWBtzM/default.jpg,FALSE,"AtmaKumar Rai"
Nb87TNFqRvU,UUsc5d398QFJY5V1DlVjXbiw,"KNN 153",qrst,"2022-09-10 09:39:00",159,7,0,0,0,4295,https://i.ytimg.com/vi/Nb87TNFqRvU/default.jpg,FALSE,"AtmaKumar Rai"
NBa4qHh_T0o,UU06rPr43Hz79M_jB_0OdkTQ,"RNN 17",uvw,"2023-03-13 09:39:00",87,9,0,0,0,2020,https://i.ytimg.com/vi/NBa4qHh_T0o/default.jpg,FALSE,"AtmaKumar Rai"
Nc5HgS1gh2Y,UU8R30CRwke8YsBVFTZUiTsw,"RNN 8",xyz,"2022-02-15 09:39:00",16,3,0,0,0,1680,https://i.ytimg.com/vi/Nc5HgS1gh2Y/default.jpg,FALSE,"AtmaKumar Rai"
NEqkGfEorkY,UUB6nMyokyG-Jx8VJgSrzC9g,"KNN 74",qrst,"2022-05-14 09:39:00",107,9,0,0,0,2799,https://i.ytimg.com/vi/NEqkGfEorkY/default.jpg,FALSE,"AtmaKumar Rai"
nGiMzj5xBLg,UUXdZNHV74WIzwR07T3fy8qg,"regression 76",mnop,"2023-12-18 09:39:00",57,3,0,0,0,273,https://i.ytimg.com/vi/nGiMzj5xBLg/default.jpg,FALSE,"AtmaKumar Rai"
niXSZAcHPP8,UU8R30CRwke8YsBVFTZUiTsw,"KNN 108",xyz,"2022-07-04 09:39:00",46,4,0,0,0,3440,https://i.ytimg.com/vi/niXSZAcHPP8/default.jpg,FALSE,"AtmaKumar Rai"
nKV24OXE4J4,UUelMdQTQxlu2FKZeLoyd1Fw,"regression 39",efgh,"2023-11-11 09:39:00",29,1,0,0,0,127,https://i.ytimg.com/vi/nKV24OXE4J4/default.jpg,FALSE,"AtmaKumar Rai"
nn9iYUpoC-g,UU06rPr43Hz79M_jB_0OdkTQ,"KNN 146",abcd,"2023-08-30 09:39:00",656,16,0,0,3,4157,https://i.ytimg.com/vi/nn9iYUpoC-g/default.jpg,FALSE,"AtmaKumar Rai"
nNHNrJAqoSE,UUB6nMyokyG-Jx8VJgSrzC9g,"regression 34",mnop,"2023-11-06 09:39:00",44,6,0,0,0,485,https://i.ytimg.com/vi/nNHNrJAqoSE/default.jpg,FALSE,"AtmaKumar Rai"
notEI3InYNM,UUc-djWbO6OWpgGd4BYCvAGA,"KNN 158",qrst,"2022-09-17 09:39:00",158,12,0,0,3,4383,https://i.ytimg.com/vi/notEI3InYNM/default.jpg,FALSE,"AtmaKumar Rai"
nQz4WdiAlSM,UUelMdQTQxlu2FKZeLoyd1Fw,"KNN 164",xyz,"2022-09-26 09:39:00",35,4,0,0,0,4496,https://i.ytimg.com/vi/nQz4WdiAlSM/default.jpg,FALSE,"Hira Fuyu: Programming Garden"
NRF5snwEhkA,UUXdZNHV74WIzwR07T3fy8qg,"KNN 242",qrst,"2022-01-21 09:39:00",117,1,0,0,1,5967,https://i.ytimg.com/vi/NRF5snwEhkA/default.jpg,FALSE,"Robo Coding"
nx44e-W1GQw,UUc-djWbO6OWpgGd4BYCvAGA,"python 1",xyz,"2022-01-11 09:39:00",84,10,0,0,2,1240,https://i.ytimg.com/vi/nx44e-W1GQw/default.jpg,FALSE,"AtmaKumar Rai"
nYcaTR05bw4,UUW7bWQtTmHiyCGriEoRO86A,"regression 68",ijkl,"2023-12-10 09:39:00",32,2,0,0,0,1324,https://i.ytimg.com/vi/nYcaTR05bw4/default.jpg,FALSE,"AtmaKumar Rai"
o4CRV4kALAQ,UUnjX8fylNvSKVSMuyTqshsQ,"regression 81",efgh,"2023-12-23 09:39:00",96,18,0,0,10,508,https://i.ytimg.com/vi/o4CRV4kALAQ/default.jpg,FALSE,"AtmaKumar Rai"
o4Fk42zL8pQ,UUsc5d398QFJY5V1DlVjXbiw,"regression 83",mnop,"2023-12-25 09:39:00",85,16,0,0,0,243,https://i.ytimg.com/vi/o4Fk42zL8pQ/default.jpg,FALSE,"AtmaKumar Rai"
O5U-y_fBKbE,UU8R30CRwke8YsBVFTZUiTsw,"KNN 241",mnop,"2022-01-20 09:39:00",2,1,0,0,1,5954,https://i.ytimg.com/vi/O5U-y_fBKbE/default.jpg,FALSE,"Robo Coding"
OEB32QQXMcU,UUW7bWQtTmHiyCGriEoRO86A,"regression 38",abcd,"2023-11-10 09:39:00",70,3,0,0,0,447,https://i.ytimg.com/vi/OEB32QQXMcU/default.jpg,FALSE,"AtmaKumar Rai"
OihTv64yZ3c,UUB6nMyokyG-Jx8VJgSrzC9g,"RNN 111",abcd,"2022-12-20 09:39:00",30,0,0,0,0,5564,https://i.ytimg.com/vi/OihTv64yZ3c/default.jpg,FALSE,ubinos
Oj5YrwbuZMM,UU06rPr43Hz79M_jB_0OdkTQ,"regression 2",xyz,"2023-10-05 09:39:00",105,10,0,0,0,61,https://i.ytimg.com/vi/Oj5YrwbuZMM/default.jpg,FALSE,"Arunkumar Bairavan"
oKrqowyE8qY,UUW7bWQtTmHiyCGriEoRO86A,"RNN 89",qrst,"2022-10-15 09:39:00",5158,25,0,0,3,4735,https://i.ytimg.com/vi/oKrqowyE8qY/default.jpg,FALSE,"Hira Fuyu: Programming Garden"
OnaGhXvpNPA,UUnjX8fylNvSKVSMuyTqshsQ,"regression 11",efgh,"2023-10-14 09:39:00",271,49,0,0,6,1747,https://i.ytimg.com/vi/OnaGhXvpNPA/default.jpg,FALSE,"Arunkumar Bairavan"
Opj4Ro6Kc04,UUnjX8fylNvSKVSMuyTqshsQ,"KNN 25",efgh,"2022-03-02 09:39:00",76,14,0,0,9,1881,https://i.ytimg.com/vi/Opj4Ro6Kc04/default.jpg,FALSE,"AtmaKumar Rai"
OQj3xN2AAEU,UUnjX8fylNvSKVSMuyTqshsQ,"KNN 105",ijkl,"2022-06-30 09:39:00",374,20,0,0,1,3390,https://i.ytimg.com/vi/OQj3xN2AAEU/default.jpg,FALSE,"AtmaKumar Rai"
ORx-3vrvgAg,UUW7bWQtTmHiyCGriEoRO86A,"KNN 70",uvw,"2023-05-08 09:39:00",71,7,0,0,0,2724,https://i.ytimg.com/vi/ORx-3vrvgAg/default.jpg,FALSE,"AtmaKumar Rai"
ospD0acOJx0,UUc-djWbO6OWpgGd4BYCvAGA,"KNN 111",qrst,"2023-07-09 09:39:00",90,5,0,0,0,3503,https://i.ytimg.com/vi/ospD0acOJx0/default.jpg,FALSE,"AtmaKumar Rai"
OSSdgz3GllA,UUxcgBmmSpcItHctBSTKUV4A,"KNN 36",mnop,"2023-03-18 09:39:00",93,6,0,0,1,2083,https://i.ytimg.com/vi/OSSdgz3GllA/default.jpg,FALSE,"AtmaKumar Rai"
OTnV4um9e3M,UUnjX8fylNvSKVSMuyTqshsQ,"KNN 5",xyz,"2023-02-01 09:39:00",34,4,0,0,0,1504,https://i.ytimg.com/vi/OTnV4um9e3M/default.jpg,FALSE,"AtmaKumar Rai"
oXILaM2WltM,UUsc5d398QFJY5V1DlVjXbiw,"KNN 33",xyz,"2022-03-14 09:39:00",64,8,0,0,0,2032,https://i.ytimg.com/vi/oXILaM2WltM/default.jpg,FALSE,"AtmaKumar Rai"
oXyDwjxY1aQ,UUxcgBmmSpcItHctBSTKUV4A,"KNN 136",xyz,"2022-08-15 09:39:00",213,25,0,0,21,3968,https://i.ytimg.com/vi/oXyDwjxY1aQ/default.jpg,FALSE,"AtmaKumar Rai"
oYS0EuHrtcM,UUxcgBmmSpcItHctBSTKUV4A,rnn1,xyz,"2022-01-18 09:39:00",35,4,0,0,0,1328,https://i.ytimg.com/vi/oYS0EuHrtcM/default.jpg,FALSE,"AtmaKumar Rai"
p7BTw96i9Ws,UUB6nMyokyG-Jx8VJgSrzC9g,"KNN 7",ijkl,"2023-02-04 09:39:00",78,8,0,0,0,1542,https://i.ytimg.com/vi/p7BTw96i9Ws/default.jpg,FALSE,"AtmaKumar Rai"
pcTRL7W4nw8,UUXdZNHV74WIzwR07T3fy8qg,"RNN 25",efgh,"2022-04-06 09:39:00",150,13,0,0,1,2321,https://i.ytimg.com/vi/pcTRL7W4nw8/default.jpg,FALSE,"AtmaKumar Rai"
pDA_WYBl2LA,UU06rPr43Hz79M_jB_0OdkTQ,"KNN 139",qrst,"2022-08-20 09:39:00",264,16,0,0,1,4031,https://i.ytimg.com/vi/pDA_WYBl2LA/default.jpg,FALSE,"AtmaKumar Rai"
pDd-u7X-03Q,UU06rPr43Hz79M_jB_0OdkTQ,"regression 92",uvw,"2022-01-03 09:39:00",43,5,0,0,1,1204,https://i.ytimg.com/vi/pDd-u7X-03Q/default.jpg,FALSE,"AtmaKumar Rai"
pDK46zKeuVk,UUc-djWbO6OWpgGd4BYCvAGA,"RNN 83",abcd,"2023-09-27 09:39:00",147,5,0,0,4,4509,https://i.ytimg.com/vi/pDK46zKeuVk/default.jpg,FALSE,"Hira Fuyu: Programming Garden"
pepXmlPvvbU,UUXdZNHV74WIzwR07T3fy8qg,"KNN 102",qrst,"2023-06-25 09:39:00",234,18,0,0,0,3327,https://i.ytimg.com/vi/pepXmlPvvbU/default.jpg,FALSE,"AtmaKumar Rai"
PeZXznh62C4,UU06rPr43Hz79M_jB_0OdkTQ,"KNN 59",mnop,"2023-04-22 09:39:00",68,10,0,0,0,2523,https://i.ytimg.com/vi/PeZXznh62C4/default.jpg,FALSE,"AtmaKumar Rai"
pFfPPkH_n6U,UU06rPr43Hz79M_jB_0OdkTQ,"KNN 99",abcd,"2023-06-21 09:39:00",78,5,0,0,0,3277,https://i.ytimg.com/vi/pFfPPkH_n6U/default.jpg,FALSE,"AtmaKumar Rai"
PhqOj64UFkc,UU06rPr43Hz79M_jB_0OdkTQ,"RNN 67",efgh,"2023-08-10 09:39:00",136,10,0,0,0,3905,https://i.ytimg.com/vi/PhqOj64UFkc/default.jpg,FALSE,"AtmaKumar Rai"
pIa5PEfDMQY,UUc-djWbO6OWpgGd4BYCvAGA,"KNN 58",efgh,"2023-04-20 09:39:00",192,11,0,0,1,2497,https://i.ytimg.com/vi/pIa5PEfDMQY/default.jpg,FALSE,"AtmaKumar Rai"
pkttOBLXJMs,UUsc5d398QFJY5V1DlVjXbiw,"KNN 180",ijkl,"2022-10-20 09:39:00",57,1,0,0,0,4798,https://i.ytimg.com/vi/pkttOBLXJMs/default.jpg,FALSE,"Hira Fuyu: Programming Garden"
pN1szIW4zaY,UU06rPr43Hz79M_jB_0OdkTQ,"KNN 166",ijkl,"2023-09-29 09:39:00",18,2,0,0,0,4534,https://i.ytimg.com/vi/pN1szIW4zaY/default.jpg,FALSE,"Hira Fuyu: Programming Garden"
PnXq77Jdp9k,UUsc5d398QFJY5V1DlVjXbiw,"RNN 34",abcd,"2023-05-03 09:39:00",282,11,0,0,0,2661,https://i.ytimg.com/vi/PnXq77Jdp9k/default.jpg,FALSE,"AtmaKumar Rai"
pons9JpLsL4,UUelMdQTQxlu2FKZeLoyd1Fw,"KNN 244",abcd,"2022-01-24 09:39:00",7,1,0,0,0,6004,https://i.ytimg.com/vi/pons9JpLsL4/default.jpg,FALSE,"Cosmo Coding"
pOsGAPg91k4,UUxcgBmmSpcItHctBSTKUV4A,"KNN 29",abcd,"2022-03-08 09:39:00",58,9,0,0,0,1957,https://i.ytimg.com/vi/pOsGAPg91k4/default.jpg,FALSE,"AtmaKumar Rai"
Q0JFSBPdmng,UUnjX8fylNvSKVSMuyTqshsQ,"RNN 110",qrst,"2023-12-17 09:39:00",80,0,0,0,0,5527,https://i.ytimg.com/vi/Q0JFSBPdmng/default.jpg,FALSE,ubinos
q0YyEb7oE1E,UUB6nMyokyG-Jx8VJgSrzC9g,"KNN 147",ijkl,"2023-09-01 09:39:00",102,8,0,0,8,4182,https://i.ytimg.com/vi/q0YyEb7oE1E/default.jpg,FALSE,"AtmaKumar Rai"
q29YeE9NAP4,UUB6nMyokyG-Jx8VJgSrzC9g,"RNN 81",efgh,"2022-09-21 09:39:00",87,2,0,0,0,4433,https://i.ytimg.com/vi/q29YeE9NAP4/default.jpg,FALSE,"Hira Fuyu: Programming Garden"
Q2pE9IbQbko,UU8R30CRwke8YsBVFTZUiTsw,"regression 65",xyz,"2023-12-07 09:39:00",98,0,0,0,2,256,https://i.ytimg.com/vi/Q2pE9IbQbko/default.jpg,FALSE,"AtmaKumar Rai"
Q7xQqkj3zJs,UUB6nMyokyG-Jx8VJgSrzC9g,"KNN 174",abcd,"2022-10-11 09:39:00",14,1,0,0,0,4685,https://i.ytimg.com/vi/Q7xQqkj3zJs/default.jpg,FALSE,"Hira Fuyu: Programming Garden"
Q8GCTPR30uw,UUc-djWbO6OWpgGd4BYCvAGA,"Naive Bayes classifier 3",ijkl,"2022-01-21 09:39:00",33,7,0,0,0,1366,https://i.ytimg.com/vi/Q8GCTPR30uw/default.jpg,FALSE,"AtmaKumar Rai"
QAwNrcwpNF0,UUXdZNHV74WIzwR07T3fy8qg,multiselect,ijkl,"2022-01-07 09:39:00",656,12,0,0,0,1190,https://i.ytimg.com/vi/QAwNrcwpNF0/default.jpg,FALSE,"AtmaKumar Rai"
qbv56_vSrqY,UUelMdQTQxlu2FKZeLoyd1Fw,"regression 59",abcd,"2023-12-01 09:39:00",164,5,0,0,0,251,https://i.ytimg.com/vi/qbv56_vSrqY/default.jpg,FALSE,"AtmaKumar Rai"
QeFUiUAq0lg,UUelMdQTQxlu2FKZeLoyd1Fw,"KNN 137",efgh,"2022-08-17 09:39:00",261,14,0,0,1,3993,https://i.ytimg.com/vi/QeFUiUAq0lg/default.jpg,FALSE,"AtmaKumar Rai"
QgbafATEZ-g,UUelMdQTQxlu2FKZeLoyd1Fw,"RNN 6",abcd,"2023-02-09 09:39:00",49,5,0,0,0,1605,https://i.ytimg.com/vi/QgbafATEZ-g/default.jpg,FALSE,"AtmaKumar Rai"
qHJrGVlNT7I,UU8R30CRwke8YsBVFTZUiTsw,"RNN 28",mnop,"2022-04-15 09:39:00",109,13,0,0,3,2435,https://i.ytimg.com/vi/qHJrGVlNT7I/default.jpg,FALSE,"AtmaKumar Rai"
qhPL8aUo9bY,UUsc5d398QFJY5V1DlVjXbiw,"RNN 44",ijkl,"2023-06-02 09:39:00",162,17,0,0,0,3038,https://i.ytimg.com/vi/qhPL8aUo9bY/default.jpg,FALSE,"AtmaKumar Rai"
qMB3rA5ucq4,UUxcgBmmSpcItHctBSTKUV4A,"RNN 112",mnop,"2022-12-23 09:39:00",10305,23,0,0,11,5602,https://i.ytimg.com/vi/qMB3rA5ucq4/default.jpg,FALSE,ubinos
QnaTkxfXh2k,UUxcgBmmSpcItHctBSTKUV4A,"KNN 89",xyz,"2023-06-06 09:39:00",143,13,0,0,0,3088,https://i.ytimg.com/vi/QnaTkxfXh2k/default.jpg,FALSE,"AtmaKumar Rai"
QuIKZAWqQG4,UU06rPr43Hz79M_jB_0OdkTQ,"RNN 87",uvw,"2022-10-09 09:39:00",15,3,0,0,0,4659,https://i.ytimg.com/vi/QuIKZAWqQG4/default.jpg,FALSE,"Hira Fuyu: Programming Garden"
qUjZvJZmOzI,UUXdZNHV74WIzwR07T3fy8qg,"KNN 155",abcd,"2022-09-13 09:39:00",587,22,0,0,2,4333,https://i.ytimg.com/vi/qUjZvJZmOzI/default.jpg,FALSE,"AtmaKumar Rai"
qzdAXV4O9Q8,UU06rPr43Hz79M_jB_0OdkTQ,"RNN 37",ijkl,"2022-05-12 09:39:00",206,8,0,0,0,2774,https://i.ytimg.com/vi/qzdAXV4O9Q8/default.jpg,FALSE,"AtmaKumar Rai"
r-TEfuPsFn8,UUB6nMyokyG-Jx8VJgSrzC9g,"KNN 227",mnop,"2022-12-30 09:39:00",215,0,0,0,0,5690,https://i.ytimg.com/vi/r-TEfuPsFn8/default.jpg,FALSE,ubinos
r1wAOh8Giv0,UU06rPr43Hz79M_jB_0OdkTQ,"KNN 86",efgh,"2023-06-01 09:39:00",155,10,0,0,0,3025,https://i.ytimg.com/vi/r1wAOh8Giv0/default.jpg,FALSE,"AtmaKumar Rai"
r3_hF0Q5qPo,UUnjX8fylNvSKVSMuyTqshsQ,"regression 51",xyz,"2023-11-23 09:39:00",84,4,0,0,0,58,https://i.ytimg.com/vi/r3_hF0Q5qPo/default.jpg,FALSE,"AtmaKumar Rai"
r3KnryLIXNA,UUnjX8fylNvSKVSMuyTqshsQ,"KNN 165",efgh,"2023-09-28 09:39:00",14,2,0,0,0,4521,https://i.ytimg.com/vi/r3KnryLIXNA/default.jpg,FALSE,"Hira Fuyu: Programming Garden"
R8HV50jF1oc,UUelMdQTQxlu2FKZeLoyd1Fw,"regression 29",uvw,"2023-11-01 09:39:00",531,36,0,0,4,563,https://i.ytimg.com/vi/R8HV50jF1oc/default.jpg,FALSE,"Arunkumar Bairavan"
rabpW_FzKUA,UUXdZNHV74WIzwR07T3fy8qg,"KNN 175",ijkl,"2022-10-13 09:39:00",43,4,0,0,0,4710,https://i.ytimg.com/vi/rabpW_FzKUA/default.jpg,FALSE,"Hira Fuyu: Programming Garden"
RAcrXLIt4-8,UUW7bWQtTmHiyCGriEoRO86A,"KNN 23",uvw,"2022-02-28 09:39:00",64,6,0,0,0,1844,https://i.ytimg.com/vi/RAcrXLIt4-8/default.jpg,FALSE,"AtmaKumar Rai"
rBmWiWshQ-k,UUsc5d398QFJY5V1DlVjXbiw,"regression 23",xyz,"2023-10-26 09:39:00",921,44,0,0,4,159,https://i.ytimg.com/vi/rBmWiWshQ-k/default.jpg,FALSE,"Arunkumar Bairavan"
RBveqQXeiLI,UUB6nMyokyG-Jx8VJgSrzC9g,"KNN 214",qrst,"2023-12-10 09:39:00",147,0,0,0,0,5439,https://i.ytimg.com/vi/RBveqQXeiLI/default.jpg,FALSE,ubinos
rCHHeCuXYb8,UUXdZNHV74WIzwR07T3fy8qg,"KNN 182",uvw,"2022-10-23 09:39:00",11,5,0,0,0,4835,https://i.ytimg.com/vi/rCHHeCuXYb8/default.jpg,FALSE,"Hira Fuyu: Programming Garden"
RE9WpHBTamc,UUelMdQTQxlu2FKZeLoyd1Fw,"regression 1",mnop,"2023-10-02 09:39:00",37,8,0,0,0,329,https://i.ytimg.com/vi/RE9WpHBTamc/default.jpg,FALSE,"Arunkumar Bairavan"
Riaen3xzErQ,UUnjX8fylNvSKVSMuyTqshsQ,"regression 31",abcd,"2023-11-03 09:39:00",159,35,0,0,3,108,https://i.ytimg.com/vi/Riaen3xzErQ/default.jpg,TRUE,"Arunkumar Bairavan"
rIDTVJ_ksXc,UUsc5d398QFJY5V1DlVjXbiw,"regression 33",ijkl,"2023-11-05 09:39:00",311,29,0,0,6,36,https://i.ytimg.com/vi/rIDTVJ_ksXc/default.jpg,FALSE,"Arunkumar Bairavan"
RiOOjVd5Kzo,UU8R30CRwke8YsBVFTZUiTsw,"regression 85",uvw,"2023-12-27 09:39:00",35,5,0,0,0,2140,https://i.ytimg.com/vi/RiOOjVd5Kzo/default.jpg,FALSE,"AtmaKumar Rai"
rmz2lKdAR8M,UUxcgBmmSpcItHctBSTKUV4A,"KNN 16",efgh,"2022-02-17 09:39:00",164,9,0,0,0,1705,https://i.ytimg.com/vi/rmz2lKdAR8M/default.jpg,FALSE,"AtmaKumar Rai"
rRBkAJHJme4,UUc-djWbO6OWpgGd4BYCvAGA,"regression 70",qrst,"2023-12-12 09:39:00",30,2,0,0,0,1393,https://i.ytimg.com/vi/rRBkAJHJme4/default.jpg,FALSE,"AtmaKumar Rai"
rRC4WN5AYzk,UU8R30CRwke8YsBVFTZUiTsw,"Python 3",efgh,"2022-01-06 09:39:00",68,10,0,0,4,1178,https://i.ytimg.com/vi/rRC4WN5AYzk/default.jpg,FALSE,"AtmaKumar Rai"
Rrvty1FMKGk,UU06rPr43Hz79M_jB_0OdkTQ,"KNN 106",mnop,"2022-07-01 09:39:00",45,7,0,0,0,3402,https://i.ytimg.com/vi/Rrvty1FMKGk/default.jpg,FALSE,"AtmaKumar Rai"
RXgx-rW5Ob0,UUsc5d398QFJY5V1DlVjXbiw,"KNN 113",abcd,"2023-07-12 09:39:00",87,11,0,0,0,3541,https://i.ytimg.com/vi/RXgx-rW5Ob0/default.jpg,FALSE,"AtmaKumar Rai"
S-91Kam1Yik,UU8R30CRwke8YsBVFTZUiTsw,"regression 15",uvw,"2023-10-18 09:39:00",838,68,0,0,7,219,https://i.ytimg.com/vi/S-91Kam1Yik/default.jpg,FALSE,"Arunkumar Bairavan"
S3_-uBaTGzo,UUxcgBmmSpcItHctBSTKUV4A,"KNN 76",abcd,"2022-05-17 09:39:00",102,10,0,0,0,2837,https://i.ytimg.com/vi/S3_-uBaTGzo/default.jpg,FALSE,"AtmaKumar Rai"
S87MY9pErAg,UUelMdQTQxlu2FKZeLoyd1Fw,"KNN 217",ijkl,"2023-12-15 09:39:00",57,0,0,0,0,5502,https://i.ytimg.com/vi/S87MY9pErAg/default.jpg,FALSE,ubinos
S8Y-wSH7_5g,UUc-djWbO6OWpgGd4BYCvAGA,"KNN 118",abcd,"2023-07-19 09:39:00",108,6,0,0,1,3629,https://i.ytimg.com/vi/S8Y-wSH7_5g/default.jpg,FALSE,"AtmaKumar Rai"
sfkJ7GiX2po,UU06rPr43Hz79M_jB_0OdkTQ,"KNN 66",xyz,"2023-05-02 09:39:00",109,6,0,0,0,2648,https://i.ytimg.com/vi/sfkJ7GiX2po/default.jpg,FALSE,"AtmaKumar Rai"
sGLJMfCaWmw,UU8R30CRwke8YsBVFTZUiTsw,"KNN 228",qrst,"2022-12-31 09:39:00",15903,82,0,0,3,5703,https://i.ytimg.com/vi/sGLJMfCaWmw/default.jpg,FALSE,ubinos
sIac52OsUI0,UUB6nMyokyG-Jx8VJgSrzC9g,"KNN 67",efgh,"2022-05-04 09:39:00",318,14,0,0,0,2673,https://i.ytimg.com/vi/sIac52OsUI0/default.jpg,FALSE,"AtmaKumar Rai"
SK1qeCLRkeg,UU06rPr43Hz79M_jB_0OdkTQ,"KNN 126",uvw,"2023-07-31 09:39:00",155,8,0,0,1,3780,https://i.ytimg.com/vi/SK1qeCLRkeg/default.jpg,FALSE,"AtmaKumar Rai"
sl8nmVRrhFo,UU06rPr43Hz79M_jB_0OdkTQ,"KNN 159",xyz,"2023-09-19 09:39:00",2,0,0,0,0,4408,https://i.ytimg.com/vi/sl8nmVRrhFo/default.jpg,FALSE,"Hira Fuyu: Programming Garden"
SLEEJb6IZZo,UUsc5d398QFJY5V1DlVjXbiw,"KNN 40",ijkl,"2023-03-24 09:39:00",27,5,0,0,1,2158,https://i.ytimg.com/vi/SLEEJb6IZZo/default.jpg,FALSE,"AtmaKumar Rai"
snqh0K6ZFzQ,UUW7bWQtTmHiyCGriEoRO86A,"RNN 59",uvw,"2023-07-17 09:39:00",229,15,0,0,0,3604,https://i.ytimg.com/vi/snqh0K6ZFzQ/default.jpg,FALSE,"AtmaKumar Rai"
snVFH5WMfqU,UU06rPr43Hz79M_jB_0OdkTQ,"KNN 179",efgh,"2022-10-19 09:39:00",48,1,0,0,0,4785,https://i.ytimg.com/vi/snVFH5WMfqU/default.jpg,FALSE,"Hira Fuyu: Programming Garden"
soC2qah73uQ,UU8R30CRwke8YsBVFTZUiTsw,"KNN 148",mnop,"2023-09-02 09:39:00",74,7,0,0,0,4194,https://i.ytimg.com/vi/soC2qah73uQ/default.jpg,FALSE,"AtmaKumar Rai"
SOhugcOSnzY,UUelMdQTQxlu2FKZeLoyd1Fw,"regression 69",mnop,"2023-12-11 09:39:00",289,30,0,0,31,277,https://i.ytimg.com/vi/SOhugcOSnzY/default.jpg,FALSE,"AtmaKumar Rai"
SoxSMcv8vws,UU06rPr43Hz79M_jB_0OdkTQ,"KNN 246",mnop,"2022-01-27 09:39:00",138,2,0,0,0,6042,https://i.ytimg.com/vi/SoxSMcv8vws/default.jpg,FALSE,"Cosmo Coding"
SsSJh3HhL00,UUnjX8fylNvSKVSMuyTqshsQ,"Naive Bayes classifier 2",mnop,"2023-01-22 09:39:00",31,6,0,0,0,1379,https://i.ytimg.com/vi/SsSJh3HhL00/default.jpg,FALSE,"AtmaKumar Rai"
ssXQ5sPQpVc,UU8R30CRwke8YsBVFTZUiTsw,"KNN 101",mnop,"2023-06-24 09:39:00",224,14,0,0,0,3314,https://i.ytimg.com/vi/ssXQ5sPQpVc/default.jpg,FALSE,"AtmaKumar Rai"
SVPVVXtIfj8,UUsc5d398QFJY5V1DlVjXbiw,"KNN 160",abcd,"2023-09-20 09:39:00",6,0,0,0,0,4421,https://i.ytimg.com/vi/SVPVVXtIfj8/default.jpg,FALSE,"Hira Fuyu: Programming Garden"
swiP4pX7sDs,UUxcgBmmSpcItHctBSTKUV4A,"RNN 72",ijkl,"2023-08-25 09:39:00",176,16,0,0,5,4094,https://i.ytimg.com/vi/swiP4pX7sDs/default.jpg,FALSE,"AtmaKumar Rai"
SwKndCB05Sc,UUelMdQTQxlu2FKZeLoyd1Fw,"Naive Bayes classifier 4",efgh,"2022-01-20 09:39:00",13,5,0,0,0,1353,https://i.ytimg.com/vi/SwKndCB05Sc/default.jpg,FALSE,"AtmaKumar Rai"
SyICgFxUs1E,UUelMdQTQxlu2FKZeLoyd1Fw,"KNN 4",qrst,"2022-01-30 09:39:00",50,8,0,0,0,1479,https://i.ytimg.com/vi/SyICgFxUs1E/default.jpg,FALSE,"AtmaKumar Rai"
sytDUJuD3TQ,UUelMdQTQxlu2FKZeLoyd1Fw,"KNN 224",uvw,"2022-12-25 09:39:00",95,1,0,0,3,5627,https://i.ytimg.com/vi/sytDUJuD3TQ/default.jpg,FALSE,ubinos
T-aPTHBYO0I,UUXdZNHV74WIzwR07T3fy8qg,"KNN 162",mnop,"2023-09-23 09:39:00",70,0,0,0,0,4458,https://i.ytimg.com/vi/T-aPTHBYO0I/default.jpg,FALSE,"Hira Fuyu: Programming Garden"
t1hZrTu-r0Y,UUxcgBmmSpcItHctBSTKUV4A,"KNN 149",uvw,"2022-09-04 09:39:00",76,8,0,0,1,4219,https://i.ytimg.com/vi/t1hZrTu-r0Y/default.jpg,FALSE,"AtmaKumar Rai"
tf7tRx67oDA,UUB6nMyokyG-Jx8VJgSrzC9g,"RNN 71",xyz,"2023-08-22 09:39:00",444,22,0,0,2,4056,https://i.ytimg.com/vi/tf7tRx67oDA/default.jpg,FALSE,"AtmaKumar Rai"
tg1PgZ2hRL8,UUc-djWbO6OWpgGd4BYCvAGA,"RNN 73",uvw,"2023-08-28 09:39:00",115,14,0,0,10,4131,https://i.ytimg.com/vi/tg1PgZ2hRL8/default.jpg,FALSE,"AtmaKumar Rai"
TIYUi7hpoAU,UUelMdQTQxlu2FKZeLoyd1Fw,"KNN 64",mnop,"2022-04-29 09:39:00",49,4,0,0,0,2611,https://i.ytimg.com/vi/TIYUi7hpoAU/default.jpg,FALSE,"AtmaKumar Rai"
tlVEaw47do4,UUB6nMyokyG-Jx8VJgSrzC9g,"KNN 154",uvw,"2022-09-11 09:39:00",297,20,0,0,0,4307,https://i.ytimg.com/vi/tlVEaw47do4/default.jpg,FALSE,"AtmaKumar Rai"
TMCVw0TWFjY,UUelMdQTQxlu2FKZeLoyd1Fw,"KNN 37",uvw,"2023-03-20 09:39:00",30,3,0,0,0,2108,https://i.ytimg.com/vi/TMCVw0TWFjY/default.jpg,FALSE,"AtmaKumar Rai"
TP1qplVXRCY,UUelMdQTQxlu2FKZeLoyd1Fw,"RNN 86",ijkl,"2022-10-06 09:39:00",39,4,0,0,0,4622,https://i.ytimg.com/vi/TP1qplVXRCY/default.jpg,FALSE,"Hira Fuyu: Programming Garden"
tXdiHnkDKyE,UUc-djWbO6OWpgGd4BYCvAGA,"KNN 151",efgh,"2022-09-07 09:39:00",105,5,0,0,0,4257,https://i.ytimg.com/vi/tXdiHnkDKyE/default.jpg,FALSE,"AtmaKumar Rai"
tXMpEh1OQB4,UUB6nMyokyG-Jx8VJgSrzC9g,"regression 64",uvw,"2023-12-06 09:39:00",36,2,0,0,0,1759,https://i.ytimg.com/vi/tXMpEh1OQB4/default.jpg,FALSE,"AtmaKumar Rai"
txq1wrLx_7g,UUelMdQTQxlu2FKZeLoyd1Fw,"RNN 76",abcd,"2022-09-06 09:39:00",41,4,0,0,0,4245,https://i.ytimg.com/vi/txq1wrLx_7g/default.jpg,FALSE,"AtmaKumar Rai"
U-OoiVQw5lw,UUW7bWQtTmHiyCGriEoRO86A,"KNN 3",mnop,"2022-01-29 09:39:00",43,5,0,0,0,1467,https://i.ytimg.com/vi/U-OoiVQw5lw/default.jpg,FALSE,"AtmaKumar Rai"
UApv1JG52ag,UUB6nMyokyG-Jx8VJgSrzC9g,"KNN 54",ijkl,"2022-04-14 09:39:00",142,10,0,0,0,2422,https://i.ytimg.com/vi/UApv1JG52ag/default.jpg,FALSE,"AtmaKumar Rai"
UbTTvdbxmPc,UUxcgBmmSpcItHctBSTKUV4A,"KNN 229",xyz,"2022-01-02 09:39:00",7577,52,0,0,6,5728,https://i.ytimg.com/vi/UbTTvdbxmPc/default.jpg,FALSE,ubinos
UCaZeyMGZE0,UUXdZNHV74WIzwR07T3fy8qg,"regression 46",efgh,"2023-11-18 09:39:00",29,6,0,0,0,78,https://i.ytimg.com/vi/UCaZeyMGZE0/default.jpg,FALSE,"AtmaKumar Rai"
ufe1GH0jx2Q,UUXdZNHV74WIzwR07T3fy8qg,"KNN 235",efgh,"2022-01-11 09:39:00",115,5,0,0,0,5841,https://i.ytimg.com/vi/ufe1GH0jx2Q/default.jpg,FALSE,"Robo Coding"
UkMtBpIob5E,UUxcgBmmSpcItHctBSTKUV4A,"regression 3",efgh,"2023-09-30 09:39:00",114,9,0,0,5,843,https://i.ytimg.com/vi/UkMtBpIob5E/default.jpg,FALSE,"Arunkumar Bairavan"
UNZytia27oI,UUc-djWbO6OWpgGd4BYCvAGA,"KNN 231",ijkl,"2022-01-05 09:39:00",0,0,0,0,0,5766,https://i.ytimg.com/vi/UNZytia27oI/default.jpg,FALSE,"Robo Coding"
UpaowW-lbTk,UUnjX8fylNvSKVSMuyTqshsQ,"regression 41",mnop,"2023-11-13 09:39:00",49,3,0,0,0,68,https://i.ytimg.com/vi/UpaowW-lbTk/default.jpg,FALSE,"AtmaKumar Rai"
utg5k6SXebQ,UUXdZNHV74WIzwR07T3fy8qg,"regression 26",ijkl,"2023-10-29 09:39:00",607,30,0,0,6,524,https://i.ytimg.com/vi/utg5k6SXebQ/default.jpg,FALSE,"Arunkumar Bairavan"
UVdssvVIX9o,UUB6nMyokyG-Jx8VJgSrzC9g,"KNN 127",abcd,"2022-08-02 09:39:00",191,14,0,0,3,3805,https://i.ytimg.com/vi/UVdssvVIX9o/default.jpg,FALSE,"AtmaKumar Rai"
uwgpJI60mGE,UU06rPr43Hz79M_jB_0OdkTQ,"regression 62",mnop,"2023-12-04 09:39:00",430,5,0,0,2,137,https://i.ytimg.com/vi/uwgpJI60mGE/default.jpg,FALSE,"AtmaKumar Rai"
uyK0FHMpc_8,UUsc5d398QFJY5V1DlVjXbiw,"KNN 133",ijkl,"2023-08-11 09:39:00",139,13,0,0,0,3918,https://i.ytimg.com/vi/uyK0FHMpc_8/default.jpg,FALSE,"AtmaKumar Rai"
V0N6btIXRR4,UUW7bWQtTmHiyCGriEoRO86A,"regression 78",uvw,"2023-12-20 09:39:00",61,11,0,0,0,2241,https://i.ytimg.com/vi/V0N6btIXRR4/default.jpg,FALSE,"AtmaKumar Rai"
v0xnI-S7o7Q,UUsc5d398QFJY5V1DlVjXbiw,"regression 73",abcd,"2023-12-15 09:39:00",788,12,0,0,0,319,https://i.ytimg.com/vi/v0xnI-S7o7Q/default.jpg,FALSE,"AtmaKumar Rai"
VeT-kviEp4o,UU8R30CRwke8YsBVFTZUiTsw,"RNN 58",ijkl,"2023-07-14 09:39:00",78,11,0,0,0,3566,https://i.ytimg.com/vi/VeT-kviEp4o/default.jpg,FALSE,"AtmaKumar Rai"
vheLhjL2S3U,UU06rPr43Hz79M_jB_0OdkTQ,"regression 52",abcd,"2023-11-24 09:39:00",324,42,0,0,0,300,https://i.ytimg.com/vi/vheLhjL2S3U/default.jpg,FALSE,"AtmaKumar Rai"
vLaRHMzaaMA,UUXdZNHV74WIzwR07T3fy8qg,"KNN 2",efgh,"2022-01-27 09:39:00",30,3,0,0,0,1441,https://i.ytimg.com/vi/vLaRHMzaaMA/default.jpg,FALSE,"AtmaKumar Rai"
VlpnRGW5ajs,UU8R30CRwke8YsBVFTZUiTsw,"KNN 8",mnop,"2023-02-05 09:39:00",49,1,0,0,0,1555,https://i.ytimg.com/vi/VlpnRGW5ajs/default.jpg,FALSE,"AtmaKumar Rai"
Vmwd0Fv1UiU,UUB6nMyokyG-Jx8VJgSrzC9g,"RNN 51",ijkl,"2023-06-23 09:39:00",72,4,0,0,0,3302,https://i.ytimg.com/vi/Vmwd0Fv1UiU/default.jpg,FALSE,"AtmaKumar Rai"
vnsGTr3B1bw,UUc-djWbO6OWpgGd4BYCvAGA,"regression 50",uvw,"2023-11-22 09:39:00",106,8,0,0,0,45,https://i.ytimg.com/vi/vnsGTr3B1bw/default.jpg,FALSE,"AtmaKumar Rai"
vo3zaJ0pI20,UUelMdQTQxlu2FKZeLoyd1Fw,"KNN 24",xyz,"2022-02-27 09:39:00",104,8,0,0,2,1856,https://i.ytimg.com/vi/vo3zaJ0pI20/default.jpg,FALSE,"AtmaKumar Rai"
vo7lCO22c60,UU8R30CRwke8YsBVFTZUiTsw,"KNN 128",efgh,"2022-08-03 09:39:00",122,6,0,0,0,3817,https://i.ytimg.com/vi/vo7lCO22c60/default.jpg,FALSE,"AtmaKumar Rai"
VOhSBFOdDTI,UUW7bWQtTmHiyCGriEoRO86A,"KNN 90",abcd,"2023-06-07 09:39:00",190,11,0,0,1,3101,https://i.ytimg.com/vi/VOhSBFOdDTI/default.jpg,FALSE,"AtmaKumar Rai"
vr_heZA0lNY,UUc-djWbO6OWpgGd4BYCvAGA,"KNN 218",mnop,"2023-12-16 09:39:00",67,0,0,0,0,5514,https://i.ytimg.com/vi/vr_heZA0lNY/default.jpg,FALSE,ubinos
VUWmVjUl0A8,UUsc5d398QFJY5V1DlVjXbiw,"KNN 240",efgh,"2022-01-18 09:39:00",4,2,0,0,0,5929,https://i.ytimg.com/vi/VUWmVjUl0A8/default.jpg,FALSE,"Robo Coding"
Vz1DTeCWhVk,UU06rPr43Hz79M_jB_0OdkTQ,"RNN 127",xyz,"2022-02-06 09:39:00",1553,20,0,0,6,6168,https://i.ytimg.com/vi/Vz1DTeCWhVk/default.jpg,FALSE,"Padmanabhan M"
VZhveOsOmDY,UUsc5d398QFJY5V1DlVjXbiw,"RNN 64",xyz,"2023-08-01 09:39:00",158,8,0,0,2,3792,https://i.ytimg.com/vi/VZhveOsOmDY/default.jpg,FALSE,"AtmaKumar Rai"
W1vz3YJsHCM,UUxcgBmmSpcItHctBSTKUV4A,"regression 57",uvw,"2023-11-29 09:39:00",216,3,0,0,1,263,https://i.ytimg.com/vi/W1vz3YJsHCM/default.jpg,FALSE,"AtmaKumar Rai"
wcO-cIE-9EU,UUnjX8fylNvSKVSMuyTqshsQ,"KNN 45",mnop,"2023-04-01 09:39:00",51,8,0,0,0,2259,https://i.ytimg.com/vi/wcO-cIE-9EU/default.jpg,FALSE,"AtmaKumar Rai"
WFrkbLg4cUI,UUsc5d398QFJY5V1DlVjXbiw,"RNN 54",qrst,"2022-07-02 09:39:00",300,22,0,0,5,3415,https://i.ytimg.com/vi/WFrkbLg4cUI/default.jpg,FALSE,"AtmaKumar Rai"
wjEP8Kp7dqE,UUW7bWQtTmHiyCGriEoRO86A,"KNN 50",mnop,"2022-04-08 09:39:00",132,9,0,0,0,2347,https://i.ytimg.com/vi/wjEP8Kp7dqE/default.jpg,FALSE,"AtmaKumar Rai"
wqqSggkhzBQ,UUelMdQTQxlu2FKZeLoyd1Fw,"KNN 97",qrst,"2022-06-18 09:39:00",246,15,0,0,0,3239,https://i.ytimg.com/vi/wqqSggkhzBQ/default.jpg,FALSE,"AtmaKumar Rai"
wqwQqPFM22w,UUB6nMyokyG-Jx8VJgSrzC9g,"KNN 34",abcd,"2022-03-15 09:39:00",23,1,0,0,0,2045,https://i.ytimg.com/vi/wqwQqPFM22w/default.jpg,FALSE,"AtmaKumar Rai"
wVcWOMyIr44,UUnjX8fylNvSKVSMuyTqshsQ,"KNN 132",abcd,"2023-08-09 09:39:00",150,17,0,0,0,3893,https://i.ytimg.com/vi/wVcWOMyIr44/default.jpg,FALSE,"AtmaKumar Rai"
WW8y7EXbdB4,UUXdZNHV74WIzwR07T3fy8qg,"RNN 45",uvw,"2023-06-05 09:39:00",163,13,0,0,0,3076,https://i.ytimg.com/vi/WW8y7EXbdB4/default.jpg,FALSE,"AtmaKumar Rai"
wyghav7j8Vo,UUxcgBmmSpcItHctBSTKUV4A,"RNN 32",efgh,"2022-04-27 09:39:00",168,7,0,0,0,2585,https://i.ytimg.com/vi/wyghav7j8Vo/default.jpg,FALSE,"AtmaKumar Rai"
xB_esq--Vxs,UUW7bWQtTmHiyCGriEoRO86A,"KNN 110",ijkl,"2022-07-07 09:39:00",51,7,0,0,0,3478,https://i.ytimg.com/vi/xB_esq--Vxs/default.jpg,FALSE,"AtmaKumar Rai"
xbTwCagORcg,UUxcgBmmSpcItHctBSTKUV4A,"KNN 9",uvw,"2023-02-07 09:39:00",37,4,0,0,0,1580,https://i.ytimg.com/vi/xbTwCagORcg/default.jpg,FALSE,"AtmaKumar Rai"
xHUe60fFe9c,UUelMdQTQxlu2FKZeLoyd1Fw,"RNN 116",efgh,"2022-01-04 09:39:00",2377,5,0,0,0,5753,https://i.ytimg.com/vi/xHUe60fFe9c/default.jpg,FALSE,ubinos
xJK90c4OPCQ,UUnjX8fylNvSKVSMuyTqshsQ,"KNN 185",mnop,"2023-10-28 09:39:00",14,6,0,0,0,4898,https://i.ytimg.com/vi/xJK90c4OPCQ/default.jpg,FALSE,"Hira Fuyu: Programming Garden"
XKhHw8ujFsU,UUxcgBmmSpcItHctBSTKUV4A,"KNN 109",efgh,"2022-07-06 09:39:00",71,4,0,0,0,3465,https://i.ytimg.com/vi/XKhHw8ujFsU/default.jpg,FALSE,"AtmaKumar Rai"
xQBwZwg8cIA,UUc-djWbO6OWpgGd4BYCvAGA,"KNN 138",ijkl,"2022-08-18 09:39:00",99,6,0,0,1,4006,https://i.ytimg.com/vi/xQBwZwg8cIA/default.jpg,FALSE,"AtmaKumar Rai"
xQebNjNVIYc,UUsc5d398QFJY5V1DlVjXbiw,"RNN 114",ijkl,"2022-12-29 09:39:00",98,0,0,0,0,5678,https://i.ytimg.com/vi/xQebNjNVIYc/default.jpg,FALSE,ubinos
xTll0FLOOSU,UU06rPr43Hz79M_jB_0OdkTQ,"KNN 26",ijkl,"2022-03-03 09:39:00",73,8,0,0,0,1894,https://i.ytimg.com/vi/xTll0FLOOSU/default.jpg,FALSE,"AtmaKumar Rai"
XZS45bo1y2I,UU8R30CRwke8YsBVFTZUiTsw,"KNN 61",xyz,"2023-04-25 09:39:00",47,5,0,0,0,2560,https://i.ytimg.com/vi/XZS45bo1y2I/default.jpg,FALSE,"AtmaKumar Rai"
XZscu0mxtyY,UUelMdQTQxlu2FKZeLoyd1Fw,"KNN 44",efgh,"2023-03-30 09:39:00",46,5,0,0,0,2233,https://i.ytimg.com/vi/XZscu0mxtyY/default.jpg,FALSE,"AtmaKumar Rai"
Y_nVWb9bcHY,UUelMdQTQxlu2FKZeLoyd1Fw,"KNN 157",mnop,"2023-09-16 09:39:00",301,18,0,0,0,4370,https://i.ytimg.com/vi/Y_nVWb9bcHY/default.jpg,FALSE,"AtmaKumar Rai"
yCSvXngF_o8,UUXdZNHV74WIzwR07T3fy8qg,"RNN 85",xyz,"2023-10-03 09:39:00",149,9,0,0,1,4584,https://i.ytimg.com/vi/yCSvXngF_o8/default.jpg,FALSE,"Hira Fuyu: Programming Garden"
yFDjj0f2dz4,UUxcgBmmSpcItHctBSTKUV4A,"KNN 176",mnop,"2022-10-14 09:39:00",7,2,0,0,0,4722,https://i.ytimg.com/vi/yFDjj0f2dz4/default.jpg,FALSE,"Hira Fuyu: Programming Garden"
YHEgqm4zfHM,UUnjX8fylNvSKVSMuyTqshsQ,"RNN 50",xyz,"2023-06-20 09:39:00",49,5,0,0,0,3264,https://i.ytimg.com/vi/YHEgqm4zfHM/default.jpg,FALSE,"AtmaKumar Rai"
yhjUHJaT14Q,UUnjX8fylNvSKVSMuyTqshsQ,"KNN 232",mnop,"2022-01-06 09:39:00",57,0,0,0,0,5778,https://i.ytimg.com/vi/yhjUHJaT14Q/default.jpg,FALSE,"Robo Coding"
yMer1NqCTgk,UUXdZNHV74WIzwR07T3fy8qg,"KNN 135",uvw,"2022-08-14 09:39:00",204,14,0,0,0,3956,https://i.ytimg.com/vi/yMer1NqCTgk/default.jpg,FALSE,"AtmaKumar Rai"
YMxfkoZ70BM,UUW7bWQtTmHiyCGriEoRO86A,"KNN 150",xyz,"2023-09-05 09:39:00",83,5,0,0,1,4232,https://i.ytimg.com/vi/YMxfkoZ70BM/default.jpg,FALSE,"AtmaKumar Rai"
ypbgdPC5hHM,UUW7bWQtTmHiyCGriEoRO86A,"RNN 29",xyz,"2023-04-18 09:39:00",35,3,0,0,0,2472,https://i.ytimg.com/vi/ypbgdPC5hHM/default.jpg,FALSE,"AtmaKumar Rai"
YRhE_c4EpQo,UUc-djWbO6OWpgGd4BYCvAGA,"RNN 63",mnop,"2023-07-29 09:39:00",152,8,0,0,6,3754,https://i.ytimg.com/vi/YRhE_c4EpQo/default.jpg,FALSE,"AtmaKumar Rai"
yubEDzod6vw,UUB6nMyokyG-Jx8VJgSrzC9g,"RNN 21",mnop,"2023-03-25 09:39:00",144,8,0,0,1,2171,https://i.ytimg.com/vi/yubEDzod6vw/default.jpg,FALSE,"AtmaKumar Rai"
yw0EIHWbjzQ,UUB6nMyokyG-Jx8VJgSrzC9g,svm2,abcd,"2023-01-05 09:39:00",31,8,0,0,0,1165,https://i.ytimg.com/vi/yw0EIHWbjzQ/default.jpg,FALSE,"AtmaKumar Rai"
yWKPNCEy30g,UU8R30CRwke8YsBVFTZUiTsw,"KNN 68",ijkl,"2023-05-05 09:39:00",79,3,0,0,0,2686,https://i.ytimg.com/vi/yWKPNCEy30g/default.jpg,FALSE,"AtmaKumar Rai"
YwYNQ9On6UM,UUsc5d398QFJY5V1DlVjXbiw,"KNN 73",mnop,"2023-05-13 09:39:00",72,2,0,0,0,2786,https://i.ytimg.com/vi/YwYNQ9On6UM/default.jpg,FALSE,"AtmaKumar Rai"
yYub-A_Iiuo,UUXdZNHV74WIzwR07T3fy8qg,"KNN 82",ijkl,"2023-05-26 09:39:00",89,12,0,0,0,2950,https://i.ytimg.com/vi/yYub-A_Iiuo/default.jpg,FALSE,"AtmaKumar Rai"
Yyzh0E-qAR8,UUB6nMyokyG-Jx8VJgSrzC9g,"KNN 254",efgh,"2023-02-08 09:39:00",19,6,0,0,1,6193,https://i.ytimg.com/vi/Yyzh0E-qAR8/default.jpg,FALSE,"Succes Guide. in"
yzHa1S3OO2s,UUxcgBmmSpcItHctBSTKUV4A,"regression 47",ijkl,"2023-11-19 09:39:00",2310,81,0,0,6,610,https://i.ytimg.com/vi/yzHa1S3OO2s/default.jpg,FALSE,"AtmaKumar Rai"
YzpgFTthjPw,UUc-djWbO6OWpgGd4BYCvAGA,"KNN 91",ijkl,"2023-06-09 09:39:00",159,10,0,0,0,3126,https://i.ytimg.com/vi/YzpgFTthjPw/default.jpg,FALSE,"AtmaKumar Rai"
z_tW09N6rYQ,UUXdZNHV74WIzwR07T3fy8qg,"KNN 75",xyz,"2023-05-16 09:39:00",61,8,0,0,0,2824,https://i.ytimg.com/vi/z_tW09N6rYQ/default.jpg,FALSE,"AtmaKumar Rai"
z0GFMB6RDuk,UUB6nMyokyG-Jx8VJgSrzC9g,"RNN 31",uvw,"2023-04-24 09:39:00",53,5,0,0,0,2548,https://i.ytimg.com/vi/z0GFMB6RDuk/default.jpg,FALSE,"AtmaKumar Rai"
Z120QwHsK4Q,UUXdZNHV74WIzwR07T3fy8qg,"KNN 15",abcd,"2023-02-16 09:39:00",65,8,0,0,0,1693,https://i.ytimg.com/vi/Z120QwHsK4Q/default.jpg,FALSE,"AtmaKumar Rai"
z7xI5p2VWCg,UUxcgBmmSpcItHctBSTKUV4A,"regression 27",mnop,"2023-10-30 09:39:00",617,40,0,0,4,461,https://i.ytimg.com/vi/z7xI5p2VWCg/default.jpg,FALSE,"Arunkumar Bairavan"
zA_vHHO6u7o,UUW7bWQtTmHiyCGriEoRO86A,"regression 88",efgh,"2023-12-30 09:39:00",56,9,0,0,0,2820,https://i.ytimg.com/vi/zA_vHHO6u7o/default.jpg,FALSE,"AtmaKumar Rai"
ZbCemLZdt6g,UU06rPr43Hz79M_jB_0OdkTQ,"KNN 6",abcd,"2023-02-02 09:39:00",25,2,0,0,0,1517,https://i.ytimg.com/vi/ZbCemLZdt6g/default.jpg,FALSE,"AtmaKumar Rai"
zgdxZNvi1OE,UUW7bWQtTmHiyCGriEoRO86A,"regression 2",ijkl,"2023-10-01 09:39:00",75,14,0,0,0,243,https://i.ytimg.com/vi/zgdxZNvi1OE/default.jpg,FALSE,"Arunkumar Bairavan"
ZHNC-VlKxfk,UU8R30CRwke8YsBVFTZUiTsw,"KNN 81",efgh,"2023-05-25 09:39:00",118,6,0,0,0,2937,https://i.ytimg.com/vi/ZHNC-VlKxfk/default.jpg,FALSE,"AtmaKumar Rai"
Zk5P5GvfNxY,UUxcgBmmSpcItHctBSTKUV4A,"regression 37",xyz,"2023-11-09 09:39:00",273,11,0,0,0,59,https://i.ytimg.com/vi/Zk5P5GvfNxY/default.jpg,FALSE,"AtmaKumar Rai"
ZMP3YMLyPbk,UUnjX8fylNvSKVSMuyTqshsQ,"KNN 12",ijkl,"2023-02-11 09:39:00",30,5,0,0,0,1630,https://i.ytimg.com/vi/ZMP3YMLyPbk/default.jpg,FALSE,"AtmaKumar Rai"
ZmSalZp2Lwg,UU06rPr43Hz79M_jB_0OdkTQ,"KNN 219",uvw,"2023-12-18 09:39:00",88,0,0,0,0,5539,https://i.ytimg.com/vi/ZmSalZp2Lwg/default.jpg,FALSE,ubinos
ZNjS-9OgHPg,UUc-djWbO6OWpgGd4BYCvAGA,"KNN 238",uvw,"2023-01-15 09:39:00",30,3,0,0,2,5891,https://i.ytimg.com/vi/ZNjS-9OgHPg/default.jpg,FALSE,"Robo Coding"
zNZwMsvIebo,UUW7bWQtTmHiyCGriEoRO86A,"KNN 10",xyz,"2023-02-08 09:39:00",63,3,0,0,0,1592,https://i.ytimg.com/vi/zNZwMsvIebo/default.jpg,FALSE,"AtmaKumar Rai"
zSHhbbkMGVM,UUc-djWbO6OWpgGd4BYCvAGA,"regression 0",qrst,"2023-10-03 09:39:00",285,13,0,0,5,555,https://i.ytimg.com/vi/zSHhbbkMGVM/default.jpg,FALSE,"Arunkumar Bairavan"
ZsZw84TdtL8,UUsc5d398QFJY5V1DlVjXbiw,"RNN 84",mnop,"2023-09-30 09:39:00",7,2,0,0,0,4546,https://i.ytimg.com/vi/ZsZw84TdtL8/default.jpg,FALSE,"Hira Fuyu: Programming Garden"
zuytYygyymA,UUW7bWQtTmHiyCGriEoRO86A,"KNN 143",mnop,"2023-08-26 09:39:00",70,5,0,0,1,4106,https://i.ytimg.com/vi/zuytYygyymA/default.jpg,FALSE,"AtmaKumar Rai"
ZVpBCsgG7tY,UUW7bWQtTmHiyCGriEoRO86A,"KNN 103",xyz,"2023-06-27 09:39:00",51,7,0,0,0,3352,https://i.ytimg.com/vi/ZVpBCsgG7tY/default.jpg,FALSE,"AtmaKumar Rai"
ZXVNGlXr9RU,UUsc5d398QFJY5V1DlVjXbiw,"RNN 4",efgh,"2023-02-03 09:39:00",26,3,0,0,0,1529,https://i.ytimg.com/vi/ZXVNGlXr9RU/default.jpg,FALSE,"AtmaKumar Rai"
zYJN4obGtZk,UU8R30CRwke8YsBVFTZUiTsw,"RNN 88",efgh,"2023-10-12 09:39:00",174,4,0,0,1,4697,https://i.ytimg.com/vi/zYJN4obGtZk/default.jpg,FALSE,"Hira Fuyu: Programming Garden"
